--
-- Unique Keys
--
INSERT INTO `StNxtPriKeyInst` ( `table`, `key` ) VALUES ( 'StPrsnInst', 5 );
INSERT INTO `StNxtPriKeyInst` ( `table`, `key` ) VALUES ( 'StLfeCyclConf', 4 );
INSERT INTO `StNxtPriKeyInst` ( `table`, `key` ) VALUES ( 'StAffLvlConf', 3 );
INSERT INTO `StNxtPriKeyInst` ( `table`, `key` ) VALUES ( 'StSvrLvlConf', 3 );
INSERT INTO `StNxtPriKeyInst` ( `table`, `key` ) VALUES ( 'StPriConf', 5 );
INSERT INTO `StNxtPriKeyInst` ( `table`, `key` ) VALUES ( 'StCatgConf', 49 );
INSERT INTO `StNxtPriKeyInst` ( `table`, `key` ) VALUES ( 'StTktInst', 100 );
INSERT INTO `StNxtPriKeyInst` ( `table`, `key` ) VALUES ( 'StEqpInst', 0 );
INSERT INTO `StNxtPriKeyInst` ( `table`, `key` ) VALUES ( 'StSftInst', 0 );

--
-- Person entities
--
INSERT INTO StPrsnInst ( `pid`, `fname`, `lname`, `email`, `logl_del`, `last_mdfd_user`, `last_mdfd_tmst` ) VALUES ( 0, 'Tyler'		, 'Filkins'	, 'tfilkins@fake.com'	, FALSE, 'TestDataLoad', '2001-01-01 00:00:00' );
INSERT INTO StPrsnInst ( `pid`, `fname`, `lname`, `email`, `logl_del`, `last_mdfd_user`, `last_mdfd_tmst` ) VALUES ( 1, 'Yumarzi'	, 'Khan'	, 'ymkhan@fake.com'		, FALSE, 'TestDataLoad', '2001-01-01 00:00:00' );
INSERT INTO StPrsnInst ( `pid`, `fname`, `lname`, `email`, `logl_del`, `last_mdfd_user`, `last_mdfd_tmst` ) VALUES ( 2, 'Jacob'		, 'Vosik'	, 'jacob.vosik@fake.com'	, FALSE, 'TestDataLoad', '2001-01-01 00:00:00' );
INSERT INTO StPrsnInst ( `pid`, `fname`, `lname`, `email`, `logl_del`, `last_mdfd_user`, `last_mdfd_tmst` ) VALUES ( 3, 'Hassan'	, 'Alradwan', 'halradwan@fake.com'	, FALSE, 'TestDataLoad', '2001-01-01 00:00:00' );
INSERT INTO StPrsnInst ( `pid`, `fname`, `lname`, `email`, `logl_del`, `last_mdfd_user`, `last_mdfd_tmst` ) VALUES ( 4, 'Asad'		, 'Ullah'	, 'asadvasad@fake.com'		, FALSE, 'TestDataLoad', '2001-01-01 00:00:00' );

--
-- Phone entities
--
INSERT INTO StPhneInst ( `pid`, `type`, `intl`, `area`, `phone1`, `phone2`, `last_mdfd_user`, `last_mdfd_tmst` ) VALUES ( 0 , 'HOME', NULL, '402', '555', '0000', 'TestDataLoad', '2001-01-01 00:00:00' );
INSERT INTO StPhneInst ( `pid`, `type`, `intl`, `area`, `phone1`, `phone2`, `last_mdfd_user`, `last_mdfd_tmst` ) VALUES ( 0 , 'BUSN', NULL, '402', '555', '0001', 'TestDataLoad', '2001-01-01 00:00:00' );
INSERT INTO StPhneInst ( `pid`, `type`, `intl`, `area`, `phone1`, `phone2`, `last_mdfd_user`, `last_mdfd_tmst` ) VALUES ( 0 , 'CELL', NULL, '402', '555', '0002', 'TestDataLoad', '2001-01-01 00:00:00' );
INSERT INTO StPhneInst ( `pid`, `type`, `intl`, `area`, `phone1`, `phone2`, `last_mdfd_user`, `last_mdfd_tmst` ) VALUES ( 1 , 'HOME', NULL, '402', '555', '0003', 'TestDataLoad', '2001-01-01 00:00:00' );
INSERT INTO StPhneInst ( `pid`, `type`, `intl`, `area`, `phone1`, `phone2`, `last_mdfd_user`, `last_mdfd_tmst` ) VALUES ( 1 , 'BUSN', NULL, '402', '555', '0004', 'TestDataLoad', '2001-01-01 00:00:00' );
INSERT INTO StPhneInst ( `pid`, `type`, `intl`, `area`, `phone1`, `phone2`, `last_mdfd_user`, `last_mdfd_tmst` ) VALUES ( 1 , 'CELL', NULL, '402', '555', '0005', 'TestDataLoad', '2001-01-01 00:00:00' );
INSERT INTO StPhneInst ( `pid`, `type`, `intl`, `area`, `phone1`, `phone2`, `last_mdfd_user`, `last_mdfd_tmst` ) VALUES ( 2 , 'HOME', NULL, '402', '555', '0006', 'TestDataLoad', '2001-01-01 00:00:00' );
INSERT INTO StPhneInst ( `pid`, `type`, `intl`, `area`, `phone1`, `phone2`, `last_mdfd_user`, `last_mdfd_tmst` ) VALUES ( 2 , 'BUSN', NULL, '402', '555', '0007', 'TestDataLoad', '2001-01-01 00:00:00' );
INSERT INTO StPhneInst ( `pid`, `type`, `intl`, `area`, `phone1`, `phone2`, `last_mdfd_user`, `last_mdfd_tmst` ) VALUES ( 2 , 'CELL', NULL, '402', '555', '0008', 'TestDataLoad', '2001-01-01 00:00:00' );
INSERT INTO StPhneInst ( `pid`, `type`, `intl`, `area`, `phone1`, `phone2`, `last_mdfd_user`, `last_mdfd_tmst` ) VALUES ( 3 , 'HOME', NULL, '402', '555', '0009', 'TestDataLoad', '2001-01-01 00:00:00' );
INSERT INTO StPhneInst ( `pid`, `type`, `intl`, `area`, `phone1`, `phone2`, `last_mdfd_user`, `last_mdfd_tmst` ) VALUES ( 3 , 'BUSN', NULL, '402', '555', '0010', 'TestDataLoad', '2001-01-01 00:00:00' );
INSERT INTO StPhneInst ( `pid`, `type`, `intl`, `area`, `phone1`, `phone2`, `last_mdfd_user`, `last_mdfd_tmst` ) VALUES ( 3 , 'CELL', NULL, '402', '555', '0011', 'TestDataLoad', '2001-01-01 00:00:00' );
INSERT INTO StPhneInst ( `pid`, `type`, `intl`, `area`, `phone1`, `phone2`, `last_mdfd_user`, `last_mdfd_tmst` ) VALUES ( 4 , 'HOME', NULL, '402', '555', '0012', 'TestDataLoad', '2001-01-01 00:00:00' );
INSERT INTO StPhneInst ( `pid`, `type`, `intl`, `area`, `phone1`, `phone2`, `last_mdfd_user`, `last_mdfd_tmst` ) VALUES ( 4 , 'BUSN', NULL, '402', '555', '0013', 'TestDataLoad', '2001-01-01 00:00:00' );
INSERT INTO StPhneInst ( `pid`, `type`, `intl`, `area`, `phone1`, `phone2`, `last_mdfd_user`, `last_mdfd_tmst` ) VALUES ( 4 , 'CELL', NULL, '402', '555', '0014', 'TestDataLoad', '2001-01-01 00:00:00' );

--
-- User entities
--
INSERT INTO StUserInst ( `pid`, `user`, `pass`, `logl_del`, `last_mdfd_user`, `last_mdfd_tmst` ) VALUES ( 0, 'tfilkins'	, 'changeme', FALSE, 'TestDataLoad', '2001-01-01 00:00:00' );
INSERT INTO StUserInst ( `pid`, `user`, `pass`, `logl_del`, `last_mdfd_user`, `last_mdfd_tmst` ) VALUES ( 1, 'ykhan'	, 'changeme', FALSE, 'TestDataLoad', '2001-01-01 00:00:00' );
INSERT INTO StUserInst ( `pid`, `user`, `pass`, `logl_del`, `last_mdfd_user`, `last_mdfd_tmst` ) VALUES ( 2, 'jvosik'	, 'changeme', FALSE, 'TestDataLoad', '2001-01-01 00:00:00' );
INSERT INTO StUserInst ( `pid`, `user`, `pass`, `logl_del`, `last_mdfd_user`, `last_mdfd_tmst` ) VALUES ( 3, 'halradwan', 'changeme', FALSE, 'TestDataLoad', '2001-01-01 00:00:00' );
INSERT INTO StUserInst ( `pid`, `user`, `pass`, `logl_del`, `last_mdfd_user`, `last_mdfd_tmst` ) VALUES ( 4, 'aullah'	, 'changeme', FALSE, 'TestDataLoad', '2001-01-01 00:00:00' );

--
-- Lifecycle configuration
--
INSERT INTO StLfeCyclConf ( `life_cycl_id`, `name`, `r`, `g`, `b`, `is_timed`, `logl_del`, `last_mdfd_user`, `last_mdfd_tmst` ) VALUES ( 0, 'Open'			, 255, 102,   0,  TRUE, FALSE, 'TestDataLoad', '2001-01-01 00:00:00' );
INSERT INTO StLfeCyclConf ( `life_cycl_id`, `name`, `r`, `g`, `b`, `is_timed`, `logl_del`, `last_mdfd_user`, `last_mdfd_tmst` ) VALUES ( 1, 'In Progress'	,  51,   0, 255,  TRUE, FALSE, 'TestDataLoad', '2001-01-01 00:00:00' );
INSERT INTO StLfeCyclConf ( `life_cycl_id`, `name`, `r`, `g`, `b`, `is_timed`, `logl_del`, `last_mdfd_user`, `last_mdfd_tmst` ) VALUES ( 2, 'Closed'		,   0, 102,   0, FALSE, FALSE, 'TestDataLoad', '2001-01-01 00:00:00' );
INSERT INTO StLfeCyclConf ( `life_cycl_id`, `name`, `r`, `g`, `b`, `is_timed`, `logl_del`, `last_mdfd_user`, `last_mdfd_tmst` ) VALUES ( 3, 'Waiting'		, 255, 255,  51, FALSE, FALSE, 'TestDataLoad', '2001-01-01 00:00:00' );

--
-- Affected level configuration
--
INSERT INTO StAffLvlConf ( `aff_level`, `name`, `logl_del`, `last_mdfd_user`, `last_mdfd_tmst` ) VALUES ( 0, '1 Person'		, FALSE, 'TestDataLoad', '2001-01-01 00:00:00' );
INSERT INTO StAffLvlConf ( `aff_level`, `name`, `logl_del`, `last_mdfd_user`, `last_mdfd_tmst` ) VALUES ( 1, '2-5 People'	, FALSE, 'TestDataLoad', '2001-01-01 00:00:00' );
INSERT INTO StAffLvlConf ( `aff_level`, `name`, `logl_del`, `last_mdfd_user`, `last_mdfd_tmst` ) VALUES ( 2, '6+ People'	, FALSE, 'TestDataLoad', '2001-01-01 00:00:00' );

--
-- Severity level configuration
--
INSERT INTO StSvrLvlConf ( `severity`, `name`, `logl_del`, `last_mdfd_user`, `last_mdfd_tmst` ) VALUES ( 0, 'Trivial'			, FALSE, 'TestDataLoad', '2001-01-01 00:00:00' );
INSERT INTO StSvrLvlConf ( `severity`, `name`, `logl_del`, `last_mdfd_user`, `last_mdfd_tmst` ) VALUES ( 1, 'Workaround Exists'	, FALSE, 'TestDataLoad', '2001-01-01 00:00:00' );
INSERT INTO StSvrLvlConf ( `severity`, `name`, `logl_del`, `last_mdfd_user`, `last_mdfd_tmst` ) VALUES ( 2, 'No Workaround'		, FALSE, 'TestDataLoad', '2001-01-01 00:00:00' );

--
-- Priority configuration
--
INSERT INTO StPriConf ( `priority`, `name`, `r`, `g`, `b`, `logl_del`, `last_mdfd_user`, `last_mdfd_tmst` ) VALUES ( 0, 'Very Low'	,   0, 153,  0, FALSE, 'TestDataLoad', '2001-01-01 00:00:00' );
INSERT INTO StPriConf ( `priority`, `name`, `r`, `g`, `b`, `logl_del`, `last_mdfd_user`, `last_mdfd_tmst` ) VALUES ( 1, 'Low'		,   0, 255,  0, FALSE, 'TestDataLoad', '2001-01-01 00:00:00' );
INSERT INTO StPriConf ( `priority`, `name`, `r`, `g`, `b`, `logl_del`, `last_mdfd_user`, `last_mdfd_tmst` ) VALUES ( 2, 'Medium'	, 255, 255,  0, FALSE, 'TestDataLoad', '2001-01-01 00:00:00' );
INSERT INTO StPriConf ( `priority`, `name`, `r`, `g`, `b`, `logl_del`, `last_mdfd_user`, `last_mdfd_tmst` ) VALUES ( 3, 'High'		, 255, 128,  0, FALSE, 'TestDataLoad', '2001-01-01 00:00:00' );
INSERT INTO StPriConf ( `priority`, `name`, `r`, `g`, `b`, `logl_del`, `last_mdfd_user`, `last_mdfd_tmst` ) VALUES ( 4, 'Very High'	, 255,   0,  0, FALSE, 'TestDataLoad', '2001-01-01 00:00:00' );

--
-- Affected-Severity -> Priority configuration
--
INSERT INTO StPriMtxConf ( `aff_level`, `severity`, `priority`, `logl_del`, `last_mdfd_user`, `last_mdfd_tmst` ) VALUES ( 0, 0, 0, FALSE, 'TestDataLoad', '2001-01-01 00:00:00' );
INSERT INTO StPriMtxConf ( `aff_level`, `severity`, `priority`, `logl_del`, `last_mdfd_user`, `last_mdfd_tmst` ) VALUES ( 1, 0, 1, FALSE, 'TestDataLoad', '2001-01-01 00:00:00' );
INSERT INTO StPriMtxConf ( `aff_level`, `severity`, `priority`, `logl_del`, `last_mdfd_user`, `last_mdfd_tmst` ) VALUES ( 2, 0, 2, FALSE, 'TestDataLoad', '2001-01-01 00:00:00' );
INSERT INTO StPriMtxConf ( `aff_level`, `severity`, `priority`, `logl_del`, `last_mdfd_user`, `last_mdfd_tmst` ) VALUES ( 0, 1, 1, FALSE, 'TestDataLoad', '2001-01-01 00:00:00' );
INSERT INTO StPriMtxConf ( `aff_level`, `severity`, `priority`, `logl_del`, `last_mdfd_user`, `last_mdfd_tmst` ) VALUES ( 1, 1, 2, FALSE, 'TestDataLoad', '2001-01-01 00:00:00' );
INSERT INTO StPriMtxConf ( `aff_level`, `severity`, `priority`, `logl_del`, `last_mdfd_user`, `last_mdfd_tmst` ) VALUES ( 2, 1, 3, FALSE, 'TestDataLoad', '2001-01-01 00:00:00' );
INSERT INTO StPriMtxConf ( `aff_level`, `severity`, `priority`, `logl_del`, `last_mdfd_user`, `last_mdfd_tmst` ) VALUES ( 0, 2, 3, FALSE, 'TestDataLoad', '2001-01-01 00:00:00' );
INSERT INTO StPriMtxConf ( `aff_level`, `severity`, `priority`, `logl_del`, `last_mdfd_user`, `last_mdfd_tmst` ) VALUES ( 1, 2, 3, FALSE, 'TestDataLoad', '2001-01-01 00:00:00' );
INSERT INTO StPriMtxConf ( `aff_level`, `severity`, `priority`, `logl_del`, `last_mdfd_user`, `last_mdfd_tmst` ) VALUES ( 2, 2, 4, FALSE, 'TestDataLoad', '2001-01-01 00:00:00' );

--
-- Categories
--

INSERT INTO StCatgConf ( `cid`, `name`, `logl_del`, `last_mdfd_user`, `last_mdfd_tmst` ) VALUES ( 0, 'Account Creation'				, FALSE, 'TestDataLoad', '2001-01-01 00:00:00' );
INSERT INTO StCatgConf ( `cid`, `name`, `logl_del`, `last_mdfd_user`, `last_mdfd_tmst` ) VALUES ( 1, 'Account previleges'			, FALSE, 'TestDataLoad', '2001-01-01 00:00:00' );
INSERT INTO StCatgConf ( `cid`, `name`, `logl_del`, `last_mdfd_user`, `last_mdfd_tmst` ) VALUES ( 2, 'AD'							, FALSE, 'TestDataLoad', '2001-01-01 00:00:00' );
INSERT INTO StCatgConf ( `cid`, `name`, `logl_del`, `last_mdfd_user`, `last_mdfd_tmst` ) VALUES ( 3, 'Backup'						, FALSE, 'TestDataLoad', '2001-01-01 00:00:00' );
INSERT INTO StCatgConf ( `cid`, `name`, `logl_del`, `last_mdfd_user`, `last_mdfd_tmst` ) VALUES ( 4, 'Checkout item'				, FALSE, 'TestDataLoad', '2001-01-01 00:00:00' );
INSERT INTO StCatgConf ( `cid`, `name`, `logl_del`, `last_mdfd_user`, `last_mdfd_tmst` ) VALUES ( 5, 'Course'						, FALSE, 'TestDataLoad', '2001-01-01 00:00:00' );
INSERT INTO StCatgConf ( `cid`, `name`, `logl_del`, `last_mdfd_user`, `last_mdfd_tmst` ) VALUES ( 6, 'Data'							, FALSE, 'TestDataLoad', '2001-01-01 00:00:00' );
INSERT INTO StCatgConf ( `cid`, `name`, `logl_del`, `last_mdfd_user`, `last_mdfd_tmst` ) VALUES ( 7, 'Database'						, FALSE, 'TestDataLoad', '2001-01-01 00:00:00' );
INSERT INTO StCatgConf ( `cid`, `name`, `logl_del`, `last_mdfd_user`, `last_mdfd_tmst` ) VALUES ( 8, 'Decommision'					, FALSE, 'TestDataLoad', '2001-01-01 00:00:00' );
INSERT INTO StCatgConf ( `cid`, `name`, `logl_del`, `last_mdfd_user`, `last_mdfd_tmst` ) VALUES ( 9, 'DNS'							, FALSE, 'TestDataLoad', '2001-01-01 00:00:00' );
INSERT INTO StCatgConf ( `cid`, `name`, `logl_del`, `last_mdfd_user`, `last_mdfd_tmst` ) VALUES ( 10, 'Documentation'				, FALSE, 'TestDataLoad', '2001-01-01 00:00:00' );
INSERT INTO StCatgConf ( `cid`, `name`, `logl_del`, `last_mdfd_user`, `last_mdfd_tmst` ) VALUES ( 11, 'Email'						, FALSE, 'TestDataLoad', '2001-01-01 00:00:00' );
INSERT INTO StCatgConf ( `cid`, `name`, `logl_del`, `last_mdfd_user`, `last_mdfd_tmst` ) VALUES ( 12, 'Hardware'					, FALSE, 'TestDataLoad', '2001-01-01 00:00:00' );
INSERT INTO StCatgConf ( `cid`, `name`, `logl_del`, `last_mdfd_user`, `last_mdfd_tmst` ) VALUES ( 13, 'HCC'							, FALSE, 'TestDataLoad', '2001-01-01 00:00:00' );
INSERT INTO StCatgConf ( `cid`, `name`, `logl_del`, `last_mdfd_user`, `last_mdfd_tmst` ) VALUES ( 14, 'HPC'							, FALSE, 'TestDataLoad', '2001-01-01 00:00:00' );
INSERT INTO StCatgConf ( `cid`, `name`, `logl_del`, `last_mdfd_user`, `last_mdfd_tmst` ) VALUES ( 15, 'Imaging'						, FALSE, 'TestDataLoad', '2001-01-01 00:00:00' );
INSERT INTO StCatgConf ( `cid`, `name`, `logl_del`, `last_mdfd_user`, `last_mdfd_tmst` ) VALUES ( 16, 'Inventory'					, FALSE, 'TestDataLoad', '2001-01-01 00:00:00' );
INSERT INTO StCatgConf ( `cid`, `name`, `logl_del`, `last_mdfd_user`, `last_mdfd_tmst` ) VALUES ( 17, 'IRC'							, FALSE, 'TestDataLoad', '2001-01-01 00:00:00' );
INSERT INTO StCatgConf ( `cid`, `name`, `logl_del`, `last_mdfd_user`, `last_mdfd_tmst` ) VALUES ( 18, 'Login'						, FALSE, 'TestDataLoad', '2001-01-01 00:00:00' );
INSERT INTO StCatgConf ( `cid`, `name`, `logl_del`, `last_mdfd_user`, `last_mdfd_tmst` ) VALUES ( 19, 'Logs'						, FALSE, 'TestDataLoad', '2001-01-01 00:00:00' );
INSERT INTO StCatgConf ( `cid`, `name`, `logl_del`, `last_mdfd_user`, `last_mdfd_tmst` ) VALUES ( 20, 'Misc'						, FALSE, 'TestDataLoad', '2001-01-01 00:00:00' );
INSERT INTO StCatgConf ( `cid`, `name`, `logl_del`, `last_mdfd_user`, `last_mdfd_tmst` ) VALUES ( 21, 'Move'						, FALSE, 'TestDataLoad', '2001-01-01 00:00:00' );
INSERT INTO StCatgConf ( `cid`, `name`, `logl_del`, `last_mdfd_user`, `last_mdfd_tmst` ) VALUES ( 22, 'Netowrk'						, FALSE, 'TestDataLoad', '2001-01-01 00:00:00' );
INSERT INTO StCatgConf ( `cid`, `name`, `logl_del`, `last_mdfd_user`, `last_mdfd_tmst` ) VALUES ( 23, 'Organize'					, FALSE, 'TestDataLoad', '2001-01-01 00:00:00' );
INSERT INTO StCatgConf ( `cid`, `name`, `logl_del`, `last_mdfd_user`, `last_mdfd_tmst` ) VALUES ( 24, 'OS Install'					, FALSE, 'TestDataLoad', '2001-01-01 00:00:00' );
INSERT INTO StCatgConf ( `cid`, `name`, `logl_del`, `last_mdfd_user`, `last_mdfd_tmst` ) VALUES ( 25, 'OS Upgrade'					, FALSE, 'TestDataLoad', '2001-01-01 00:00:00' );
INSERT INTO StCatgConf ( `cid`, `name`, `logl_del`, `last_mdfd_user`, `last_mdfd_tmst` ) VALUES ( 26, 'Other Account Related'		, FALSE, 'TestDataLoad', '2001-01-01 00:00:00' );
INSERT INTO StCatgConf ( `cid`, `name`, `logl_del`, `last_mdfd_user`, `last_mdfd_tmst` ) VALUES ( 27, 'Password'					, FALSE, 'TestDataLoad', '2001-01-01 00:00:00' );
INSERT INTO StCatgConf ( `cid`, `name`, `logl_del`, `last_mdfd_user`, `last_mdfd_tmst` ) VALUES ( 28, 'Permission'					, FALSE, 'TestDataLoad', '2001-01-01 00:00:00' );
INSERT INTO StCatgConf ( `cid`, `name`, `logl_del`, `last_mdfd_user`, `last_mdfd_tmst` ) VALUES ( 29, 'Printer'						, FALSE, 'TestDataLoad', '2001-01-01 00:00:00' );
INSERT INTO StCatgConf ( `cid`, `name`, `logl_del`, `last_mdfd_user`, `last_mdfd_tmst` ) VALUES ( 30, 'Public Relations'			, FALSE, 'TestDataLoad', '2001-01-01 00:00:00' );
INSERT INTO StCatgConf ( `cid`, `name`, `logl_del`, `last_mdfd_user`, `last_mdfd_tmst` ) VALUES ( 31, 'Purchase Request'			, FALSE, 'TestDataLoad', '2001-01-01 00:00:00' );
INSERT INTO StCatgConf ( `cid`, `name`, `logl_del`, `last_mdfd_user`, `last_mdfd_tmst` ) VALUES ( 32, 'Restricted Data'				, FALSE, 'TestDataLoad', '2001-01-01 00:00:00' );
INSERT INTO StCatgConf ( `cid`, `name`, `logl_del`, `last_mdfd_user`, `last_mdfd_tmst` ) VALUES ( 33, 'Room Access'					, FALSE, 'TestDataLoad', '2001-01-01 00:00:00' );
INSERT INTO StCatgConf ( `cid`, `name`, `logl_del`, `last_mdfd_user`, `last_mdfd_tmst` ) VALUES ( 34, 'Room Reservation'			, FALSE, 'TestDataLoad', '2001-01-01 00:00:00' );
INSERT INTO StCatgConf ( `cid`, `name`, `logl_del`, `last_mdfd_user`, `last_mdfd_tmst` ) VALUES ( 35, 'SCM'							, FALSE, 'TestDataLoad', '2001-01-01 00:00:00' );
INSERT INTO StCatgConf ( `cid`, `name`, `logl_del`, `last_mdfd_user`, `last_mdfd_tmst` ) VALUES ( 36, 'Security'					, FALSE, 'TestDataLoad', '2001-01-01 00:00:00' );
INSERT INTO StCatgConf ( `cid`, `name`, `logl_del`, `last_mdfd_user`, `last_mdfd_tmst` ) VALUES ( 37, 'Server'						, FALSE, 'TestDataLoad', '2001-01-01 00:00:00' );
INSERT INTO StCatgConf ( `cid`, `name`, `logl_del`, `last_mdfd_user`, `last_mdfd_tmst` ) VALUES ( 38, 'Software'					, FALSE, 'TestDataLoad', '2001-01-01 00:00:00' );
INSERT INTO StCatgConf ( `cid`, `name`, `logl_del`, `last_mdfd_user`, `last_mdfd_tmst` ) VALUES ( 39, 'SSL Certificate'				, FALSE, 'TestDataLoad', '2001-01-01 00:00:00' );
INSERT INTO StCatgConf ( `cid`, `name`, `logl_del`, `last_mdfd_user`, `last_mdfd_tmst` ) VALUES ( 40, 'Storage'						, FALSE, 'TestDataLoad', '2001-01-01 00:00:00' );
INSERT INTO StCatgConf ( `cid`, `name`, `logl_del`, `last_mdfd_user`, `last_mdfd_tmst` ) VALUES ( 41, 'Surplus'						, FALSE, 'TestDataLoad', '2001-01-01 00:00:00' );
INSERT INTO StCatgConf ( `cid`, `name`, `logl_del`, `last_mdfd_user`, `last_mdfd_tmst` ) VALUES ( 42, 'Systems Integration'			, FALSE, 'TestDataLoad', '2001-01-01 00:00:00' );
INSERT INTO StCatgConf ( `cid`, `name`, `logl_del`, `last_mdfd_user`, `last_mdfd_tmst` ) VALUES ( 43, 'Technical Specifications'	, FALSE, 'TestDataLoad', '2001-01-01 00:00:00' );
INSERT INTO StCatgConf ( `cid`, `name`, `logl_del`, `last_mdfd_user`, `last_mdfd_tmst` ) VALUES ( 44, 'Virus/Spyware/Malware'		, FALSE, 'TestDataLoad', '2001-01-01 00:00:00' );
INSERT INTO StCatgConf ( `cid`, `name`, `logl_del`, `last_mdfd_user`, `last_mdfd_tmst` ) VALUES ( 45, 'VMWARE'						, FALSE, 'TestDataLoad', '2001-01-01 00:00:00' );
INSERT INTO StCatgConf ( `cid`, `name`, `logl_del`, `last_mdfd_user`, `last_mdfd_tmst` ) VALUES ( 46, 'Website'						, FALSE, 'TestDataLoad', '2001-01-01 00:00:00' );
INSERT INTO StCatgConf ( `cid`, `name`, `logl_del`, `last_mdfd_user`, `last_mdfd_tmst` ) VALUES ( 47, 'Wiki'						, FALSE, 'TestDataLoad', '2001-01-01 00:00:00' );
INSERT INTO StCatgConf ( `cid`, `name`, `logl_del`, `last_mdfd_user`, `last_mdfd_tmst` ) VALUES ( 48, 'Workstation Setup'			, FALSE, 'TestDataLoad', '2001-01-01 00:00:00' );

-- 
-- Tickets
-- 
INSERT INTO `StTktInst` ( `tid`, `opener`, `assignee`, `aff_level`, `severity`, `title`, `description`, `catg`, `life_cycl_id`, `insrt_tmst`, `expct_hours`, `last_open_time`, `logl_del`, `last_mdfd_user`, `last_mdfd_tmst` ) VALUES ( 0, 2, 3, 0, 0, 'Title 000', 'Description 000', 48, 0, '2015-04-02 14:59:08', 18, 1, FALSE, 'TestDataLoad', '2015-04-02 14:59:08');
INSERT INTO `StTktInst` ( `tid`, `opener`, `assignee`, `aff_level`, `severity`, `title`, `description`, `catg`, `life_cycl_id`, `insrt_tmst`, `expct_hours`, `last_open_time`, `logl_del`, `last_mdfd_user`, `last_mdfd_tmst` ) VALUES ( 1, 3, 4, 0, 2, 'Title 001', 'Description 001', 47, 3, '2015-04-02 14:59:09', 19, 20, FALSE, 'TestDataLoad', '2015-04-02 14:59:10');
INSERT INTO `StTktInst` ( `tid`, `opener`, `assignee`, `aff_level`, `severity`, `title`, `description`, `catg`, `life_cycl_id`, `insrt_tmst`, `expct_hours`, `last_open_time`, `logl_del`, `last_mdfd_user`, `last_mdfd_tmst` ) VALUES ( 2, 0, 4, 0, 0, 'Title 002', 'Description 002', 29, 1, '2015-04-02 14:59:10', 39, 22, FALSE, 'TestDataLoad', '2015-04-02 14:59:12');
INSERT INTO `StTktInst` ( `tid`, `opener`, `assignee`, `aff_level`, `severity`, `title`, `description`, `catg`, `life_cycl_id`, `insrt_tmst`, `expct_hours`, `last_open_time`, `logl_del`, `last_mdfd_user`, `last_mdfd_tmst` ) VALUES ( 3, 3, 1, 0, 2, 'Title 003', 'Description 003', 19, 3, '2015-04-02 14:59:11', 37, 10, FALSE, 'TestDataLoad', '2015-04-02 14:59:14');
INSERT INTO `StTktInst` ( `tid`, `opener`, `assignee`, `aff_level`, `severity`, `title`, `description`, `catg`, `life_cycl_id`, `insrt_tmst`, `expct_hours`, `last_open_time`, `logl_del`, `last_mdfd_user`, `last_mdfd_tmst` ) VALUES ( 4, 3, 3, 0, 1, 'Title 004', 'Description 004', 41, 2, '2015-04-02 14:59:12', 39, 8, FALSE, 'TestDataLoad', '2015-04-02 14:59:16');
INSERT INTO `StTktInst` ( `tid`, `opener`, `assignee`, `aff_level`, `severity`, `title`, `description`, `catg`, `life_cycl_id`, `insrt_tmst`, `expct_hours`, `last_open_time`, `logl_del`, `last_mdfd_user`, `last_mdfd_tmst` ) VALUES ( 5, 0, 4, 1, 1, 'Title 005', 'Description 005', 27, 2, '2015-04-02 14:59:13', 11, 21, FALSE, 'TestDataLoad', '2015-04-02 14:59:18');
INSERT INTO `StTktInst` ( `tid`, `opener`, `assignee`, `aff_level`, `severity`, `title`, `description`, `catg`, `life_cycl_id`, `insrt_tmst`, `expct_hours`, `last_open_time`, `logl_del`, `last_mdfd_user`, `last_mdfd_tmst` ) VALUES ( 6, 1, 3, 0, 1, 'Title 006', 'Description 006', 6, 1, '2015-04-02 14:59:14', 2, 24, FALSE, 'TestDataLoad', '2015-04-02 14:59:20');
INSERT INTO `StTktInst` ( `tid`, `opener`, `assignee`, `aff_level`, `severity`, `title`, `description`, `catg`, `life_cycl_id`, `insrt_tmst`, `expct_hours`, `last_open_time`, `logl_del`, `last_mdfd_user`, `last_mdfd_tmst` ) VALUES ( 7, 2, 2, 0, 2, 'Title 007', 'Description 007', 43, 2, '2015-04-02 14:59:15', 18, 35, FALSE, 'TestDataLoad', '2015-04-02 14:59:22');
INSERT INTO `StTktInst` ( `tid`, `opener`, `assignee`, `aff_level`, `severity`, `title`, `description`, `catg`, `life_cycl_id`, `insrt_tmst`, `expct_hours`, `last_open_time`, `logl_del`, `last_mdfd_user`, `last_mdfd_tmst` ) VALUES ( 8, 3, 4, 2, 2, 'Title 008', 'Description 008', 3, 1, '2015-04-02 14:59:16', 23, 37, FALSE, 'TestDataLoad', '2015-04-02 14:59:24');
INSERT INTO `StTktInst` ( `tid`, `opener`, `assignee`, `aff_level`, `severity`, `title`, `description`, `catg`, `life_cycl_id`, `insrt_tmst`, `expct_hours`, `last_open_time`, `logl_del`, `last_mdfd_user`, `last_mdfd_tmst` ) VALUES ( 9, 3, 2, 2, 2, 'Title 009', 'Description 009', 47, 2, '2015-04-02 14:59:17', 29, 0, FALSE, 'TestDataLoad', '2015-04-02 14:59:26');
INSERT INTO `StTktInst` ( `tid`, `opener`, `assignee`, `aff_level`, `severity`, `title`, `description`, `catg`, `life_cycl_id`, `insrt_tmst`, `expct_hours`, `last_open_time`, `logl_del`, `last_mdfd_user`, `last_mdfd_tmst` ) VALUES ( 10, 1, 3, 2, 0, 'Title 010', 'Description 010', 13, 1, '2015-04-02 14:59:18', 33, 37, FALSE, 'TestDataLoad', '2015-04-02 14:59:28');
INSERT INTO `StTktInst` ( `tid`, `opener`, `assignee`, `aff_level`, `severity`, `title`, `description`, `catg`, `life_cycl_id`, `insrt_tmst`, `expct_hours`, `last_open_time`, `logl_del`, `last_mdfd_user`, `last_mdfd_tmst` ) VALUES ( 11, 4, 0, 2, 2, 'Title 011', 'Description 011', 35, 1, '2015-04-02 14:59:19', 3, 33, FALSE, 'TestDataLoad', '2015-04-02 14:59:30');
INSERT INTO `StTktInst` ( `tid`, `opener`, `assignee`, `aff_level`, `severity`, `title`, `description`, `catg`, `life_cycl_id`, `insrt_tmst`, `expct_hours`, `last_open_time`, `logl_del`, `last_mdfd_user`, `last_mdfd_tmst` ) VALUES ( 12, 3, 2, 2, 1, 'Title 012', 'Description 012', 11, 3, '2015-04-02 14:59:20', 3, 28, FALSE, 'TestDataLoad', '2015-04-02 14:59:32');
INSERT INTO `StTktInst` ( `tid`, `opener`, `assignee`, `aff_level`, `severity`, `title`, `description`, `catg`, `life_cycl_id`, `insrt_tmst`, `expct_hours`, `last_open_time`, `logl_del`, `last_mdfd_user`, `last_mdfd_tmst` ) VALUES ( 13, 0, 0, 0, 1, 'Title 013', 'Description 013', 44, 3, '2015-04-02 14:59:21', 32, 39, FALSE, 'TestDataLoad', '2015-04-02 14:59:34');
INSERT INTO `StTktInst` ( `tid`, `opener`, `assignee`, `aff_level`, `severity`, `title`, `description`, `catg`, `life_cycl_id`, `insrt_tmst`, `expct_hours`, `last_open_time`, `logl_del`, `last_mdfd_user`, `last_mdfd_tmst` ) VALUES ( 14, 1, 4, 0, 1, 'Title 014', 'Description 014', 9, 3, '2015-04-02 14:59:22', 4, 21, FALSE, 'TestDataLoad', '2015-04-02 14:59:36');
INSERT INTO `StTktInst` ( `tid`, `opener`, `assignee`, `aff_level`, `severity`, `title`, `description`, `catg`, `life_cycl_id`, `insrt_tmst`, `expct_hours`, `last_open_time`, `logl_del`, `last_mdfd_user`, `last_mdfd_tmst` ) VALUES ( 15, 1, 3, 2, 1, 'Title 015', 'Description 015', 0, 2, '2015-04-02 14:59:23', 19, 29, FALSE, 'TestDataLoad', '2015-04-02 14:59:38');
INSERT INTO `StTktInst` ( `tid`, `opener`, `assignee`, `aff_level`, `severity`, `title`, `description`, `catg`, `life_cycl_id`, `insrt_tmst`, `expct_hours`, `last_open_time`, `logl_del`, `last_mdfd_user`, `last_mdfd_tmst` ) VALUES ( 16, 3, 3, 2, 1, 'Title 016', 'Description 016', 31, 0, '2015-04-02 14:59:24', 8, 36, FALSE, 'TestDataLoad', '2015-04-02 14:59:40');
INSERT INTO `StTktInst` ( `tid`, `opener`, `assignee`, `aff_level`, `severity`, `title`, `description`, `catg`, `life_cycl_id`, `insrt_tmst`, `expct_hours`, `last_open_time`, `logl_del`, `last_mdfd_user`, `last_mdfd_tmst` ) VALUES ( 17, 2, 4, 2, 1, 'Title 017', 'Description 017', 34, 3, '2015-04-02 14:59:25', 38, 18, FALSE, 'TestDataLoad', '2015-04-02 14:59:42');
INSERT INTO `StTktInst` ( `tid`, `opener`, `assignee`, `aff_level`, `severity`, `title`, `description`, `catg`, `life_cycl_id`, `insrt_tmst`, `expct_hours`, `last_open_time`, `logl_del`, `last_mdfd_user`, `last_mdfd_tmst` ) VALUES ( 18, 2, 4, 0, 1, 'Title 018', 'Description 018', 38, 3, '2015-04-02 14:59:26', 29, 34, FALSE, 'TestDataLoad', '2015-04-02 14:59:44');
INSERT INTO `StTktInst` ( `tid`, `opener`, `assignee`, `aff_level`, `severity`, `title`, `description`, `catg`, `life_cycl_id`, `insrt_tmst`, `expct_hours`, `last_open_time`, `logl_del`, `last_mdfd_user`, `last_mdfd_tmst` ) VALUES ( 19, 4, 3, 1, 0, 'Title 019', 'Description 019', 7, 1, '2015-04-02 14:59:27', 27, 19, FALSE, 'TestDataLoad', '2015-04-02 14:59:46');
INSERT INTO `StTktInst` ( `tid`, `opener`, `assignee`, `aff_level`, `severity`, `title`, `description`, `catg`, `life_cycl_id`, `insrt_tmst`, `expct_hours`, `last_open_time`, `logl_del`, `last_mdfd_user`, `last_mdfd_tmst` ) VALUES ( 20, 0, 2, 0, 1, 'Title 020', 'Description 020', 43, 3, '2015-04-02 14:59:28', 39, 26, FALSE, 'TestDataLoad', '2015-04-02 14:59:48');
INSERT INTO `StTktInst` ( `tid`, `opener`, `assignee`, `aff_level`, `severity`, `title`, `description`, `catg`, `life_cycl_id`, `insrt_tmst`, `expct_hours`, `last_open_time`, `logl_del`, `last_mdfd_user`, `last_mdfd_tmst` ) VALUES ( 21, 4, 0, 2, 2, 'Title 021', 'Description 021', 27, 0, '2015-04-02 14:59:29', 4, 39, FALSE, 'TestDataLoad', '2015-04-02 14:59:50');
INSERT INTO `StTktInst` ( `tid`, `opener`, `assignee`, `aff_level`, `severity`, `title`, `description`, `catg`, `life_cycl_id`, `insrt_tmst`, `expct_hours`, `last_open_time`, `logl_del`, `last_mdfd_user`, `last_mdfd_tmst` ) VALUES ( 22, 3, 1, 2, 0, 'Title 022', 'Description 022', 22, 1, '2015-04-02 14:59:30', 21, 38, FALSE, 'TestDataLoad', '2015-04-02 14:59:52');
INSERT INTO `StTktInst` ( `tid`, `opener`, `assignee`, `aff_level`, `severity`, `title`, `description`, `catg`, `life_cycl_id`, `insrt_tmst`, `expct_hours`, `last_open_time`, `logl_del`, `last_mdfd_user`, `last_mdfd_tmst` ) VALUES ( 23, 2, 3, 1, 2, 'Title 023', 'Description 023', 33, 0, '2015-04-02 14:59:31', 15, 26, FALSE, 'TestDataLoad', '2015-04-02 14:59:54');
INSERT INTO `StTktInst` ( `tid`, `opener`, `assignee`, `aff_level`, `severity`, `title`, `description`, `catg`, `life_cycl_id`, `insrt_tmst`, `expct_hours`, `last_open_time`, `logl_del`, `last_mdfd_user`, `last_mdfd_tmst` ) VALUES ( 24, 0, 4, 0, 2, 'Title 024', 'Description 024', 24, 3, '2015-04-02 14:59:32', 34, 38, FALSE, 'TestDataLoad', '2015-04-02 14:59:56');
INSERT INTO `StTktInst` ( `tid`, `opener`, `assignee`, `aff_level`, `severity`, `title`, `description`, `catg`, `life_cycl_id`, `insrt_tmst`, `expct_hours`, `last_open_time`, `logl_del`, `last_mdfd_user`, `last_mdfd_tmst` ) VALUES ( 25, 2, 3, 2, 0, 'Title 025', 'Description 025', 31, 0, '2015-04-02 14:59:33', 39, 14, FALSE, 'TestDataLoad', '2015-04-02 14:59:58');
INSERT INTO `StTktInst` ( `tid`, `opener`, `assignee`, `aff_level`, `severity`, `title`, `description`, `catg`, `life_cycl_id`, `insrt_tmst`, `expct_hours`, `last_open_time`, `logl_del`, `last_mdfd_user`, `last_mdfd_tmst` ) VALUES ( 26, 1, 4, 0, 1, 'Title 026', 'Description 026', 11, 0, '2015-04-02 14:59:34', 36, 24, FALSE, 'TestDataLoad', '2015-04-02 15:00:00');
INSERT INTO `StTktInst` ( `tid`, `opener`, `assignee`, `aff_level`, `severity`, `title`, `description`, `catg`, `life_cycl_id`, `insrt_tmst`, `expct_hours`, `last_open_time`, `logl_del`, `last_mdfd_user`, `last_mdfd_tmst` ) VALUES ( 27, 3, 2, 1, 1, 'Title 027', 'Description 027', 46, 2, '2015-04-02 14:59:35', 8, 26, FALSE, 'TestDataLoad', '2015-04-02 15:00:02');
INSERT INTO `StTktInst` ( `tid`, `opener`, `assignee`, `aff_level`, `severity`, `title`, `description`, `catg`, `life_cycl_id`, `insrt_tmst`, `expct_hours`, `last_open_time`, `logl_del`, `last_mdfd_user`, `last_mdfd_tmst` ) VALUES ( 28, 2, 4, 2, 2, 'Title 028', 'Description 028', 8, 1, '2015-04-02 14:59:36', 27, 21, FALSE, 'TestDataLoad', '2015-04-02 15:00:04');
INSERT INTO `StTktInst` ( `tid`, `opener`, `assignee`, `aff_level`, `severity`, `title`, `description`, `catg`, `life_cycl_id`, `insrt_tmst`, `expct_hours`, `last_open_time`, `logl_del`, `last_mdfd_user`, `last_mdfd_tmst` ) VALUES ( 29, 0, 4, 1, 0, 'Title 029', 'Description 029', 2, 3, '2015-04-02 14:59:37', 19, 26, FALSE, 'TestDataLoad', '2015-04-02 15:00:06');
INSERT INTO `StTktInst` ( `tid`, `opener`, `assignee`, `aff_level`, `severity`, `title`, `description`, `catg`, `life_cycl_id`, `insrt_tmst`, `expct_hours`, `last_open_time`, `logl_del`, `last_mdfd_user`, `last_mdfd_tmst` ) VALUES ( 30, 2, 1, 1, 0, 'Title 030', 'Description 030', 40, 2, '2015-04-02 14:59:38', 31, 0, FALSE, 'TestDataLoad', '2015-04-02 15:00:08');
INSERT INTO `StTktInst` ( `tid`, `opener`, `assignee`, `aff_level`, `severity`, `title`, `description`, `catg`, `life_cycl_id`, `insrt_tmst`, `expct_hours`, `last_open_time`, `logl_del`, `last_mdfd_user`, `last_mdfd_tmst` ) VALUES ( 31, 4, 3, 1, 2, 'Title 031', 'Description 031', 26, 0, '2015-04-02 14:59:39', 36, 11, FALSE, 'TestDataLoad', '2015-04-02 15:00:10');
INSERT INTO `StTktInst` ( `tid`, `opener`, `assignee`, `aff_level`, `severity`, `title`, `description`, `catg`, `life_cycl_id`, `insrt_tmst`, `expct_hours`, `last_open_time`, `logl_del`, `last_mdfd_user`, `last_mdfd_tmst` ) VALUES ( 32, 0, 4, 2, 2, 'Title 032', 'Description 032', 12, 3, '2015-04-02 14:59:40', 1, 29, FALSE, 'TestDataLoad', '2015-04-02 15:00:12');
INSERT INTO `StTktInst` ( `tid`, `opener`, `assignee`, `aff_level`, `severity`, `title`, `description`, `catg`, `life_cycl_id`, `insrt_tmst`, `expct_hours`, `last_open_time`, `logl_del`, `last_mdfd_user`, `last_mdfd_tmst` ) VALUES ( 33, 0, 2, 1, 2, 'Title 033', 'Description 033', 9, 3, '2015-04-02 14:59:41', 9, 29, FALSE, 'TestDataLoad', '2015-04-02 15:00:14');
INSERT INTO `StTktInst` ( `tid`, `opener`, `assignee`, `aff_level`, `severity`, `title`, `description`, `catg`, `life_cycl_id`, `insrt_tmst`, `expct_hours`, `last_open_time`, `logl_del`, `last_mdfd_user`, `last_mdfd_tmst` ) VALUES ( 34, 0, 2, 0, 1, 'Title 034', 'Description 034', 36, 0, '2015-04-02 14:59:42', 10, 38, FALSE, 'TestDataLoad', '2015-04-02 15:00:16');
INSERT INTO `StTktInst` ( `tid`, `opener`, `assignee`, `aff_level`, `severity`, `title`, `description`, `catg`, `life_cycl_id`, `insrt_tmst`, `expct_hours`, `last_open_time`, `logl_del`, `last_mdfd_user`, `last_mdfd_tmst` ) VALUES ( 35, 2, 2, 1, 2, 'Title 035', 'Description 035', 33, 2, '2015-04-02 14:59:43', 20, 29, FALSE, 'TestDataLoad', '2015-04-02 15:00:18');
INSERT INTO `StTktInst` ( `tid`, `opener`, `assignee`, `aff_level`, `severity`, `title`, `description`, `catg`, `life_cycl_id`, `insrt_tmst`, `expct_hours`, `last_open_time`, `logl_del`, `last_mdfd_user`, `last_mdfd_tmst` ) VALUES ( 36, 3, 1, 1, 2, 'Title 036', 'Description 036', 28, 2, '2015-04-02 14:59:44', 13, 7, FALSE, 'TestDataLoad', '2015-04-02 15:00:20');
INSERT INTO `StTktInst` ( `tid`, `opener`, `assignee`, `aff_level`, `severity`, `title`, `description`, `catg`, `life_cycl_id`, `insrt_tmst`, `expct_hours`, `last_open_time`, `logl_del`, `last_mdfd_user`, `last_mdfd_tmst` ) VALUES ( 37, 4, 3, 1, 0, 'Title 037', 'Description 037', 36, 2, '2015-04-02 14:59:45', 1, 16, FALSE, 'TestDataLoad', '2015-04-02 15:00:22');
INSERT INTO `StTktInst` ( `tid`, `opener`, `assignee`, `aff_level`, `severity`, `title`, `description`, `catg`, `life_cycl_id`, `insrt_tmst`, `expct_hours`, `last_open_time`, `logl_del`, `last_mdfd_user`, `last_mdfd_tmst` ) VALUES ( 38, 4, 2, 0, 0, 'Title 038', 'Description 038', 20, 3, '2015-04-02 14:59:46', 30, 11, FALSE, 'TestDataLoad', '2015-04-02 15:00:24');
INSERT INTO `StTktInst` ( `tid`, `opener`, `assignee`, `aff_level`, `severity`, `title`, `description`, `catg`, `life_cycl_id`, `insrt_tmst`, `expct_hours`, `last_open_time`, `logl_del`, `last_mdfd_user`, `last_mdfd_tmst` ) VALUES ( 39, 1, 4, 2, 1, 'Title 039', 'Description 039', 0, 1, '2015-04-02 14:59:47', 29, 7, FALSE, 'TestDataLoad', '2015-04-02 15:00:26');
INSERT INTO `StTktInst` ( `tid`, `opener`, `assignee`, `aff_level`, `severity`, `title`, `description`, `catg`, `life_cycl_id`, `insrt_tmst`, `expct_hours`, `last_open_time`, `logl_del`, `last_mdfd_user`, `last_mdfd_tmst` ) VALUES ( 40, 4, 1, 0, 0, 'Title 040', 'Description 040', 6, 1, '2015-04-02 14:59:48', 9, 30, FALSE, 'TestDataLoad', '2015-04-02 15:00:28');
INSERT INTO `StTktInst` ( `tid`, `opener`, `assignee`, `aff_level`, `severity`, `title`, `description`, `catg`, `life_cycl_id`, `insrt_tmst`, `expct_hours`, `last_open_time`, `logl_del`, `last_mdfd_user`, `last_mdfd_tmst` ) VALUES ( 41, 4, 1, 2, 1, 'Title 041', 'Description 041', 19, 3, '2015-04-02 14:59:49', 21, 26, FALSE, 'TestDataLoad', '2015-04-02 15:00:30');
INSERT INTO `StTktInst` ( `tid`, `opener`, `assignee`, `aff_level`, `severity`, `title`, `description`, `catg`, `life_cycl_id`, `insrt_tmst`, `expct_hours`, `last_open_time`, `logl_del`, `last_mdfd_user`, `last_mdfd_tmst` ) VALUES ( 42, 4, 2, 1, 2, 'Title 042', 'Description 042', 19, 0, '2015-04-02 14:59:50', 2, 36, FALSE, 'TestDataLoad', '2015-04-02 15:00:32');
INSERT INTO `StTktInst` ( `tid`, `opener`, `assignee`, `aff_level`, `severity`, `title`, `description`, `catg`, `life_cycl_id`, `insrt_tmst`, `expct_hours`, `last_open_time`, `logl_del`, `last_mdfd_user`, `last_mdfd_tmst` ) VALUES ( 43, 4, 0, 0, 2, 'Title 043', 'Description 043', 12, 2, '2015-04-02 14:59:51', 24, 33, FALSE, 'TestDataLoad', '2015-04-02 15:00:34');
INSERT INTO `StTktInst` ( `tid`, `opener`, `assignee`, `aff_level`, `severity`, `title`, `description`, `catg`, `life_cycl_id`, `insrt_tmst`, `expct_hours`, `last_open_time`, `logl_del`, `last_mdfd_user`, `last_mdfd_tmst` ) VALUES ( 44, 0, 0, 2, 2, 'Title 044', 'Description 044', 33, 2, '2015-04-02 14:59:52', 16, 29, FALSE, 'TestDataLoad', '2015-04-02 15:00:36');
INSERT INTO `StTktInst` ( `tid`, `opener`, `assignee`, `aff_level`, `severity`, `title`, `description`, `catg`, `life_cycl_id`, `insrt_tmst`, `expct_hours`, `last_open_time`, `logl_del`, `last_mdfd_user`, `last_mdfd_tmst` ) VALUES ( 45, 4, 4, 0, 2, 'Title 045', 'Description 045', 44, 2, '2015-04-02 14:59:53', 4, 36, FALSE, 'TestDataLoad', '2015-04-02 15:00:38');
INSERT INTO `StTktInst` ( `tid`, `opener`, `assignee`, `aff_level`, `severity`, `title`, `description`, `catg`, `life_cycl_id`, `insrt_tmst`, `expct_hours`, `last_open_time`, `logl_del`, `last_mdfd_user`, `last_mdfd_tmst` ) VALUES ( 46, 0, 0, 2, 1, 'Title 046', 'Description 046', 40, 2, '2015-04-02 14:59:54', 2, 8, FALSE, 'TestDataLoad', '2015-04-02 15:00:40');
INSERT INTO `StTktInst` ( `tid`, `opener`, `assignee`, `aff_level`, `severity`, `title`, `description`, `catg`, `life_cycl_id`, `insrt_tmst`, `expct_hours`, `last_open_time`, `logl_del`, `last_mdfd_user`, `last_mdfd_tmst` ) VALUES ( 47, 3, 4, 2, 1, 'Title 047', 'Description 047', 44, 1, '2015-04-02 14:59:55', 38, 19, FALSE, 'TestDataLoad', '2015-04-02 15:00:42');
INSERT INTO `StTktInst` ( `tid`, `opener`, `assignee`, `aff_level`, `severity`, `title`, `description`, `catg`, `life_cycl_id`, `insrt_tmst`, `expct_hours`, `last_open_time`, `logl_del`, `last_mdfd_user`, `last_mdfd_tmst` ) VALUES ( 48, 3, 1, 1, 1, 'Title 048', 'Description 048', 29, 2, '2015-04-02 14:59:56', 11, 35, FALSE, 'TestDataLoad', '2015-04-02 15:00:44');
INSERT INTO `StTktInst` ( `tid`, `opener`, `assignee`, `aff_level`, `severity`, `title`, `description`, `catg`, `life_cycl_id`, `insrt_tmst`, `expct_hours`, `last_open_time`, `logl_del`, `last_mdfd_user`, `last_mdfd_tmst` ) VALUES ( 49, 2, 2, 1, 0, 'Title 049', 'Description 049', 10, 3, '2015-04-02 14:59:57', 7, 1, FALSE, 'TestDataLoad', '2015-04-02 15:00:46');
INSERT INTO `StTktInst` ( `tid`, `opener`, `assignee`, `aff_level`, `severity`, `title`, `description`, `catg`, `life_cycl_id`, `insrt_tmst`, `expct_hours`, `last_open_time`, `logl_del`, `last_mdfd_user`, `last_mdfd_tmst` ) VALUES ( 50, 0, 4, 1, 1, 'Title 050', 'Description 050', 44, 1, '2015-04-02 14:59:58', 13, 3, FALSE, 'TestDataLoad', '2015-04-02 15:00:48');
INSERT INTO `StTktInst` ( `tid`, `opener`, `assignee`, `aff_level`, `severity`, `title`, `description`, `catg`, `life_cycl_id`, `insrt_tmst`, `expct_hours`, `last_open_time`, `logl_del`, `last_mdfd_user`, `last_mdfd_tmst` ) VALUES ( 51, 4, 3, 2, 2, 'Title 051', 'Description 051', 42, 1, '2015-04-02 14:59:59', 9, 12, FALSE, 'TestDataLoad', '2015-04-02 15:00:50');
INSERT INTO `StTktInst` ( `tid`, `opener`, `assignee`, `aff_level`, `severity`, `title`, `description`, `catg`, `life_cycl_id`, `insrt_tmst`, `expct_hours`, `last_open_time`, `logl_del`, `last_mdfd_user`, `last_mdfd_tmst` ) VALUES ( 52, 3, 2, 2, 1, 'Title 052', 'Description 052', 10, 1, '2015-04-02 15:00:00', 1, 28, FALSE, 'TestDataLoad', '2015-04-02 15:00:52');
INSERT INTO `StTktInst` ( `tid`, `opener`, `assignee`, `aff_level`, `severity`, `title`, `description`, `catg`, `life_cycl_id`, `insrt_tmst`, `expct_hours`, `last_open_time`, `logl_del`, `last_mdfd_user`, `last_mdfd_tmst` ) VALUES ( 53, 4, 4, 1, 2, 'Title 053', 'Description 053', 23, 0, '2015-04-02 15:00:01', 34, 7, FALSE, 'TestDataLoad', '2015-04-02 15:00:54');
INSERT INTO `StTktInst` ( `tid`, `opener`, `assignee`, `aff_level`, `severity`, `title`, `description`, `catg`, `life_cycl_id`, `insrt_tmst`, `expct_hours`, `last_open_time`, `logl_del`, `last_mdfd_user`, `last_mdfd_tmst` ) VALUES ( 54, 2, 0, 2, 1, 'Title 054', 'Description 054', 7, 1, '2015-04-02 15:00:02', 30, 28, FALSE, 'TestDataLoad', '2015-04-02 15:00:56');
INSERT INTO `StTktInst` ( `tid`, `opener`, `assignee`, `aff_level`, `severity`, `title`, `description`, `catg`, `life_cycl_id`, `insrt_tmst`, `expct_hours`, `last_open_time`, `logl_del`, `last_mdfd_user`, `last_mdfd_tmst` ) VALUES ( 55, 4, 1, 1, 2, 'Title 055', 'Description 055', 8, 0, '2015-04-02 15:00:03', 2, 27, FALSE, 'TestDataLoad', '2015-04-02 15:00:58');
INSERT INTO `StTktInst` ( `tid`, `opener`, `assignee`, `aff_level`, `severity`, `title`, `description`, `catg`, `life_cycl_id`, `insrt_tmst`, `expct_hours`, `last_open_time`, `logl_del`, `last_mdfd_user`, `last_mdfd_tmst` ) VALUES ( 56, 3, 4, 2, 0, 'Title 056', 'Description 056', 16, 3, '2015-04-02 15:00:04', 5, 7, FALSE, 'TestDataLoad', '2015-04-02 15:01:00');
INSERT INTO `StTktInst` ( `tid`, `opener`, `assignee`, `aff_level`, `severity`, `title`, `description`, `catg`, `life_cycl_id`, `insrt_tmst`, `expct_hours`, `last_open_time`, `logl_del`, `last_mdfd_user`, `last_mdfd_tmst` ) VALUES ( 57, 1, 3, 0, 1, 'Title 057', 'Description 057', 4, 0, '2015-04-02 15:00:05', 15, 30, FALSE, 'TestDataLoad', '2015-04-02 15:01:02');
INSERT INTO `StTktInst` ( `tid`, `opener`, `assignee`, `aff_level`, `severity`, `title`, `description`, `catg`, `life_cycl_id`, `insrt_tmst`, `expct_hours`, `last_open_time`, `logl_del`, `last_mdfd_user`, `last_mdfd_tmst` ) VALUES ( 58, 1, 4, 1, 1, 'Title 058', 'Description 058', 11, 1, '2015-04-02 15:00:06', 31, 16, FALSE, 'TestDataLoad', '2015-04-02 15:01:04');
INSERT INTO `StTktInst` ( `tid`, `opener`, `assignee`, `aff_level`, `severity`, `title`, `description`, `catg`, `life_cycl_id`, `insrt_tmst`, `expct_hours`, `last_open_time`, `logl_del`, `last_mdfd_user`, `last_mdfd_tmst` ) VALUES ( 59, 2, 0, 0, 2, 'Title 059', 'Description 059', 0, 3, '2015-04-02 15:00:07', 23, 5, FALSE, 'TestDataLoad', '2015-04-02 15:01:06');
INSERT INTO `StTktInst` ( `tid`, `opener`, `assignee`, `aff_level`, `severity`, `title`, `description`, `catg`, `life_cycl_id`, `insrt_tmst`, `expct_hours`, `last_open_time`, `logl_del`, `last_mdfd_user`, `last_mdfd_tmst` ) VALUES ( 60, 4, 0, 1, 0, 'Title 060', 'Description 060', 46, 2, '2015-04-02 15:00:08', 39, 6, FALSE, 'TestDataLoad', '2015-04-02 15:01:08');
INSERT INTO `StTktInst` ( `tid`, `opener`, `assignee`, `aff_level`, `severity`, `title`, `description`, `catg`, `life_cycl_id`, `insrt_tmst`, `expct_hours`, `last_open_time`, `logl_del`, `last_mdfd_user`, `last_mdfd_tmst` ) VALUES ( 61, 4, 1, 0, 1, 'Title 061', 'Description 061', 20, 1, '2015-04-02 15:00:09', 23, 14, FALSE, 'TestDataLoad', '2015-04-02 15:01:10');
INSERT INTO `StTktInst` ( `tid`, `opener`, `assignee`, `aff_level`, `severity`, `title`, `description`, `catg`, `life_cycl_id`, `insrt_tmst`, `expct_hours`, `last_open_time`, `logl_del`, `last_mdfd_user`, `last_mdfd_tmst` ) VALUES ( 62, 0, 1, 1, 0, 'Title 062', 'Description 062', 48, 3, '2015-04-02 15:00:10', 37, 7, FALSE, 'TestDataLoad', '2015-04-02 15:01:12');
INSERT INTO `StTktInst` ( `tid`, `opener`, `assignee`, `aff_level`, `severity`, `title`, `description`, `catg`, `life_cycl_id`, `insrt_tmst`, `expct_hours`, `last_open_time`, `logl_del`, `last_mdfd_user`, `last_mdfd_tmst` ) VALUES ( 63, 1, 0, 0, 1, 'Title 063', 'Description 063', 37, 0, '2015-04-02 15:00:11', 21, 9, FALSE, 'TestDataLoad', '2015-04-02 15:01:14');
INSERT INTO `StTktInst` ( `tid`, `opener`, `assignee`, `aff_level`, `severity`, `title`, `description`, `catg`, `life_cycl_id`, `insrt_tmst`, `expct_hours`, `last_open_time`, `logl_del`, `last_mdfd_user`, `last_mdfd_tmst` ) VALUES ( 64, 4, 1, 2, 0, 'Title 064', 'Description 064', 30, 2, '2015-04-02 15:00:12', 33, 19, FALSE, 'TestDataLoad', '2015-04-02 15:01:16');
INSERT INTO `StTktInst` ( `tid`, `opener`, `assignee`, `aff_level`, `severity`, `title`, `description`, `catg`, `life_cycl_id`, `insrt_tmst`, `expct_hours`, `last_open_time`, `logl_del`, `last_mdfd_user`, `last_mdfd_tmst` ) VALUES ( 65, 2, 2, 1, 1, 'Title 065', 'Description 065', 32, 3, '2015-04-02 15:00:13', 32, 24, FALSE, 'TestDataLoad', '2015-04-02 15:01:18');
INSERT INTO `StTktInst` ( `tid`, `opener`, `assignee`, `aff_level`, `severity`, `title`, `description`, `catg`, `life_cycl_id`, `insrt_tmst`, `expct_hours`, `last_open_time`, `logl_del`, `last_mdfd_user`, `last_mdfd_tmst` ) VALUES ( 66, 3, 2, 1, 2, 'Title 066', 'Description 066', 44, 1, '2015-04-02 15:00:14', 17, 37, FALSE, 'TestDataLoad', '2015-04-02 15:01:20');
INSERT INTO `StTktInst` ( `tid`, `opener`, `assignee`, `aff_level`, `severity`, `title`, `description`, `catg`, `life_cycl_id`, `insrt_tmst`, `expct_hours`, `last_open_time`, `logl_del`, `last_mdfd_user`, `last_mdfd_tmst` ) VALUES ( 67, 0, 2, 2, 0, 'Title 067', 'Description 067', 21, 1, '2015-04-02 15:00:15', 31, 25, FALSE, 'TestDataLoad', '2015-04-02 15:01:22');
INSERT INTO `StTktInst` ( `tid`, `opener`, `assignee`, `aff_level`, `severity`, `title`, `description`, `catg`, `life_cycl_id`, `insrt_tmst`, `expct_hours`, `last_open_time`, `logl_del`, `last_mdfd_user`, `last_mdfd_tmst` ) VALUES ( 68, 4, 0, 2, 1, 'Title 068', 'Description 068', 38, 3, '2015-04-02 15:00:16', 36, 31, FALSE, 'TestDataLoad', '2015-04-02 15:01:24');
INSERT INTO `StTktInst` ( `tid`, `opener`, `assignee`, `aff_level`, `severity`, `title`, `description`, `catg`, `life_cycl_id`, `insrt_tmst`, `expct_hours`, `last_open_time`, `logl_del`, `last_mdfd_user`, `last_mdfd_tmst` ) VALUES ( 69, 3, 4, 2, 2, 'Title 069', 'Description 069', 32, 0, '2015-04-02 15:00:17', 12, 28, FALSE, 'TestDataLoad', '2015-04-02 15:01:26');
INSERT INTO `StTktInst` ( `tid`, `opener`, `assignee`, `aff_level`, `severity`, `title`, `description`, `catg`, `life_cycl_id`, `insrt_tmst`, `expct_hours`, `last_open_time`, `logl_del`, `last_mdfd_user`, `last_mdfd_tmst` ) VALUES ( 70, 0, 1, 0, 0, 'Title 070', 'Description 070', 7, 1, '2015-04-02 15:00:18', 22, 39, FALSE, 'TestDataLoad', '2015-04-02 15:01:28');
INSERT INTO `StTktInst` ( `tid`, `opener`, `assignee`, `aff_level`, `severity`, `title`, `description`, `catg`, `life_cycl_id`, `insrt_tmst`, `expct_hours`, `last_open_time`, `logl_del`, `last_mdfd_user`, `last_mdfd_tmst` ) VALUES ( 71, 4, 1, 0, 2, 'Title 071', 'Description 071', 32, 1, '2015-04-02 15:00:19', 12, 32, FALSE, 'TestDataLoad', '2015-04-02 15:01:30');
INSERT INTO `StTktInst` ( `tid`, `opener`, `assignee`, `aff_level`, `severity`, `title`, `description`, `catg`, `life_cycl_id`, `insrt_tmst`, `expct_hours`, `last_open_time`, `logl_del`, `last_mdfd_user`, `last_mdfd_tmst` ) VALUES ( 72, 4, 1, 2, 0, 'Title 072', 'Description 072', 11, 3, '2015-04-02 15:00:20', 12, 37, FALSE, 'TestDataLoad', '2015-04-02 15:01:32');
INSERT INTO `StTktInst` ( `tid`, `opener`, `assignee`, `aff_level`, `severity`, `title`, `description`, `catg`, `life_cycl_id`, `insrt_tmst`, `expct_hours`, `last_open_time`, `logl_del`, `last_mdfd_user`, `last_mdfd_tmst` ) VALUES ( 73, 3, 0, 0, 0, 'Title 073', 'Description 073', 17, 2, '2015-04-02 15:00:21', 37, 24, FALSE, 'TestDataLoad', '2015-04-02 15:01:34');
INSERT INTO `StTktInst` ( `tid`, `opener`, `assignee`, `aff_level`, `severity`, `title`, `description`, `catg`, `life_cycl_id`, `insrt_tmst`, `expct_hours`, `last_open_time`, `logl_del`, `last_mdfd_user`, `last_mdfd_tmst` ) VALUES ( 74, 2, 0, 2, 0, 'Title 074', 'Description 074', 20, 3, '2015-04-02 15:00:22', 24, 13, FALSE, 'TestDataLoad', '2015-04-02 15:01:36');
INSERT INTO `StTktInst` ( `tid`, `opener`, `assignee`, `aff_level`, `severity`, `title`, `description`, `catg`, `life_cycl_id`, `insrt_tmst`, `expct_hours`, `last_open_time`, `logl_del`, `last_mdfd_user`, `last_mdfd_tmst` ) VALUES ( 75, 3, 3, 1, 2, 'Title 075', 'Description 075', 38, 3, '2015-04-02 15:00:23', 26, 30, FALSE, 'TestDataLoad', '2015-04-02 15:01:38');
INSERT INTO `StTktInst` ( `tid`, `opener`, `assignee`, `aff_level`, `severity`, `title`, `description`, `catg`, `life_cycl_id`, `insrt_tmst`, `expct_hours`, `last_open_time`, `logl_del`, `last_mdfd_user`, `last_mdfd_tmst` ) VALUES ( 76, 4, 3, 1, 1, 'Title 076', 'Description 076', 5, 1, '2015-04-02 15:00:24', 25, 23, FALSE, 'TestDataLoad', '2015-04-02 15:01:40');
INSERT INTO `StTktInst` ( `tid`, `opener`, `assignee`, `aff_level`, `severity`, `title`, `description`, `catg`, `life_cycl_id`, `insrt_tmst`, `expct_hours`, `last_open_time`, `logl_del`, `last_mdfd_user`, `last_mdfd_tmst` ) VALUES ( 77, 0, 2, 0, 2, 'Title 077', 'Description 077', 10, 2, '2015-04-02 15:00:25', 24, 28, FALSE, 'TestDataLoad', '2015-04-02 15:01:42');
INSERT INTO `StTktInst` ( `tid`, `opener`, `assignee`, `aff_level`, `severity`, `title`, `description`, `catg`, `life_cycl_id`, `insrt_tmst`, `expct_hours`, `last_open_time`, `logl_del`, `last_mdfd_user`, `last_mdfd_tmst` ) VALUES ( 78, 1, 0, 0, 2, 'Title 078', 'Description 078', 35, 0, '2015-04-02 15:00:26', 31, 25, FALSE, 'TestDataLoad', '2015-04-02 15:01:44');
INSERT INTO `StTktInst` ( `tid`, `opener`, `assignee`, `aff_level`, `severity`, `title`, `description`, `catg`, `life_cycl_id`, `insrt_tmst`, `expct_hours`, `last_open_time`, `logl_del`, `last_mdfd_user`, `last_mdfd_tmst` ) VALUES ( 79, 4, 4, 1, 0, 'Title 079', 'Description 079', 45, 2, '2015-04-02 15:00:27', 14, 35, FALSE, 'TestDataLoad', '2015-04-02 15:01:46');
INSERT INTO `StTktInst` ( `tid`, `opener`, `assignee`, `aff_level`, `severity`, `title`, `description`, `catg`, `life_cycl_id`, `insrt_tmst`, `expct_hours`, `last_open_time`, `logl_del`, `last_mdfd_user`, `last_mdfd_tmst` ) VALUES ( 80, 3, 1, 1, 0, 'Title 080', 'Description 080', 42, 1, '2015-04-02 15:00:28', 37, 8, FALSE, 'TestDataLoad', '2015-04-02 15:01:48');
INSERT INTO `StTktInst` ( `tid`, `opener`, `assignee`, `aff_level`, `severity`, `title`, `description`, `catg`, `life_cycl_id`, `insrt_tmst`, `expct_hours`, `last_open_time`, `logl_del`, `last_mdfd_user`, `last_mdfd_tmst` ) VALUES ( 81, 1, 1, 1, 1, 'Title 081', 'Description 081', 34, 3, '2015-04-02 15:00:29', 29, 35, FALSE, 'TestDataLoad', '2015-04-02 15:01:50');
INSERT INTO `StTktInst` ( `tid`, `opener`, `assignee`, `aff_level`, `severity`, `title`, `description`, `catg`, `life_cycl_id`, `insrt_tmst`, `expct_hours`, `last_open_time`, `logl_del`, `last_mdfd_user`, `last_mdfd_tmst` ) VALUES ( 82, 0, 0, 1, 2, 'Title 082', 'Description 082', 1, 3, '2015-04-02 15:00:30', 37, 16, FALSE, 'TestDataLoad', '2015-04-02 15:01:52');
INSERT INTO `StTktInst` ( `tid`, `opener`, `assignee`, `aff_level`, `severity`, `title`, `description`, `catg`, `life_cycl_id`, `insrt_tmst`, `expct_hours`, `last_open_time`, `logl_del`, `last_mdfd_user`, `last_mdfd_tmst` ) VALUES ( 83, 2, 2, 0, 2, 'Title 083', 'Description 083', 38, 0, '2015-04-02 15:00:31', 22, 10, FALSE, 'TestDataLoad', '2015-04-02 15:01:54');
INSERT INTO `StTktInst` ( `tid`, `opener`, `assignee`, `aff_level`, `severity`, `title`, `description`, `catg`, `life_cycl_id`, `insrt_tmst`, `expct_hours`, `last_open_time`, `logl_del`, `last_mdfd_user`, `last_mdfd_tmst` ) VALUES ( 84, 1, 2, 0, 0, 'Title 084', 'Description 084', 12, 1, '2015-04-02 15:00:32', 8, 5, FALSE, 'TestDataLoad', '2015-04-02 15:01:56');
INSERT INTO `StTktInst` ( `tid`, `opener`, `assignee`, `aff_level`, `severity`, `title`, `description`, `catg`, `life_cycl_id`, `insrt_tmst`, `expct_hours`, `last_open_time`, `logl_del`, `last_mdfd_user`, `last_mdfd_tmst` ) VALUES ( 85, 3, 0, 2, 0, 'Title 085', 'Description 085', 20, 2, '2015-04-02 15:00:33', 17, 10, FALSE, 'TestDataLoad', '2015-04-02 15:01:58');
INSERT INTO `StTktInst` ( `tid`, `opener`, `assignee`, `aff_level`, `severity`, `title`, `description`, `catg`, `life_cycl_id`, `insrt_tmst`, `expct_hours`, `last_open_time`, `logl_del`, `last_mdfd_user`, `last_mdfd_tmst` ) VALUES ( 86, 4, 4, 2, 1, 'Title 086', 'Description 086', 42, 1, '2015-04-02 15:00:34', 35, 3, FALSE, 'TestDataLoad', '2015-04-02 15:02:00');
INSERT INTO `StTktInst` ( `tid`, `opener`, `assignee`, `aff_level`, `severity`, `title`, `description`, `catg`, `life_cycl_id`, `insrt_tmst`, `expct_hours`, `last_open_time`, `logl_del`, `last_mdfd_user`, `last_mdfd_tmst` ) VALUES ( 87, 4, 3, 2, 0, 'Title 087', 'Description 087', 40, 3, '2015-04-02 15:00:35', 6, 19, FALSE, 'TestDataLoad', '2015-04-02 15:02:02');
INSERT INTO `StTktInst` ( `tid`, `opener`, `assignee`, `aff_level`, `severity`, `title`, `description`, `catg`, `life_cycl_id`, `insrt_tmst`, `expct_hours`, `last_open_time`, `logl_del`, `last_mdfd_user`, `last_mdfd_tmst` ) VALUES ( 88, 0, 2, 0, 2, 'Title 088', 'Description 088', 40, 3, '2015-04-02 15:00:36', 33, 21, FALSE, 'TestDataLoad', '2015-04-02 15:02:04');
INSERT INTO `StTktInst` ( `tid`, `opener`, `assignee`, `aff_level`, `severity`, `title`, `description`, `catg`, `life_cycl_id`, `insrt_tmst`, `expct_hours`, `last_open_time`, `logl_del`, `last_mdfd_user`, `last_mdfd_tmst` ) VALUES ( 89, 0, 0, 0, 1, 'Title 089', 'Description 089', 5, 2, '2015-04-02 15:00:37', 11, 16, FALSE, 'TestDataLoad', '2015-04-02 15:02:06');
INSERT INTO `StTktInst` ( `tid`, `opener`, `assignee`, `aff_level`, `severity`, `title`, `description`, `catg`, `life_cycl_id`, `insrt_tmst`, `expct_hours`, `last_open_time`, `logl_del`, `last_mdfd_user`, `last_mdfd_tmst` ) VALUES ( 90, 2, 3, 1, 0, 'Title 090', 'Description 090', 35, 2, '2015-04-02 15:00:38', 29, 39, FALSE, 'TestDataLoad', '2015-04-02 15:02:08');
INSERT INTO `StTktInst` ( `tid`, `opener`, `assignee`, `aff_level`, `severity`, `title`, `description`, `catg`, `life_cycl_id`, `insrt_tmst`, `expct_hours`, `last_open_time`, `logl_del`, `last_mdfd_user`, `last_mdfd_tmst` ) VALUES ( 91, 2, 0, 0, 1, 'Title 091', 'Description 091', 32, 0, '2015-04-02 15:00:39', 18, 23, FALSE, 'TestDataLoad', '2015-04-02 15:02:10');
INSERT INTO `StTktInst` ( `tid`, `opener`, `assignee`, `aff_level`, `severity`, `title`, `description`, `catg`, `life_cycl_id`, `insrt_tmst`, `expct_hours`, `last_open_time`, `logl_del`, `last_mdfd_user`, `last_mdfd_tmst` ) VALUES ( 92, 1, 4, 2, 2, 'Title 092', 'Description 092', 31, 0, '2015-04-02 15:00:40', 30, 36, FALSE, 'TestDataLoad', '2015-04-02 15:02:12');
INSERT INTO `StTktInst` ( `tid`, `opener`, `assignee`, `aff_level`, `severity`, `title`, `description`, `catg`, `life_cycl_id`, `insrt_tmst`, `expct_hours`, `last_open_time`, `logl_del`, `last_mdfd_user`, `last_mdfd_tmst` ) VALUES ( 93, 3, 3, 1, 1, 'Title 093', 'Description 093', 27, 3, '2015-04-02 15:00:41', 26, 37, FALSE, 'TestDataLoad', '2015-04-02 15:02:14');
INSERT INTO `StTktInst` ( `tid`, `opener`, `assignee`, `aff_level`, `severity`, `title`, `description`, `catg`, `life_cycl_id`, `insrt_tmst`, `expct_hours`, `last_open_time`, `logl_del`, `last_mdfd_user`, `last_mdfd_tmst` ) VALUES ( 94, 0, 4, 1, 1, 'Title 094', 'Description 094', 21, 1, '2015-04-02 15:00:42', 25, 22, FALSE, 'TestDataLoad', '2015-04-02 15:02:16');
INSERT INTO `StTktInst` ( `tid`, `opener`, `assignee`, `aff_level`, `severity`, `title`, `description`, `catg`, `life_cycl_id`, `insrt_tmst`, `expct_hours`, `last_open_time`, `logl_del`, `last_mdfd_user`, `last_mdfd_tmst` ) VALUES ( 95, 3, 1, 2, 0, 'Title 095', 'Description 095', 31, 1, '2015-04-02 15:00:43', 0, 13, FALSE, 'TestDataLoad', '2015-04-02 15:02:18');
INSERT INTO `StTktInst` ( `tid`, `opener`, `assignee`, `aff_level`, `severity`, `title`, `description`, `catg`, `life_cycl_id`, `insrt_tmst`, `expct_hours`, `last_open_time`, `logl_del`, `last_mdfd_user`, `last_mdfd_tmst` ) VALUES ( 96, 4, 1, 1, 1, 'Title 096', 'Description 096', 0, 0, '2015-04-02 15:00:44', 37, 8, FALSE, 'TestDataLoad', '2015-04-02 15:02:20');
INSERT INTO `StTktInst` ( `tid`, `opener`, `assignee`, `aff_level`, `severity`, `title`, `description`, `catg`, `life_cycl_id`, `insrt_tmst`, `expct_hours`, `last_open_time`, `logl_del`, `last_mdfd_user`, `last_mdfd_tmst` ) VALUES ( 97, 2, 3, 1, 2, 'Title 097', 'Description 097', 22, 0, '2015-04-02 15:00:45', 17, 26, FALSE, 'TestDataLoad', '2015-04-02 15:02:22');
INSERT INTO `StTktInst` ( `tid`, `opener`, `assignee`, `aff_level`, `severity`, `title`, `description`, `catg`, `life_cycl_id`, `insrt_tmst`, `expct_hours`, `last_open_time`, `logl_del`, `last_mdfd_user`, `last_mdfd_tmst` ) VALUES ( 98, 4, 4, 2, 1, 'Title 098', 'Description 098', 11, 3, '2015-04-02 15:00:46', 1, 18, FALSE, 'TestDataLoad', '2015-04-02 15:02:24');
INSERT INTO `StTktInst` ( `tid`, `opener`, `assignee`, `aff_level`, `severity`, `title`, `description`, `catg`, `life_cycl_id`, `insrt_tmst`, `expct_hours`, `last_open_time`, `logl_del`, `last_mdfd_user`, `last_mdfd_tmst` ) VALUES ( 99, 3, 4, 0, 0, 'Title 099', 'Description 099', 36, 0, '2015-04-02 15:00:47', 17, 0, FALSE, 'TestDataLoad', '2015-04-02 15:02:26');
