DELETE FROM `StSftToEqpInst`;
DELETE FROM `StSftInst`;
DELETE FROM `StEqpInst`;
DELETE FROM `StTktCmntInst`;
DELETE FROM `StTktInst`;
DELETE FROM `StCatgConf`;
DELETE FROM `StPriMtxConf`;
DELETE FROM `StSvrLvlConf`;
DELETE FROM `StAffLvlConf`;
DELETE FROM `StPriConf`;
DELETE FROM `StLfeCyclConf`;
DELETE FROM `StPhneInst`;
DELETE FROM `StUserInst`;
DELETE FROM `StPrsnInst`;

ALTER TABLE `StSftToEqpInst`            AUTO_INCREMENT=1;
ALTER TABLE `StSftInst`	                AUTO_INCREMENT=1;
ALTER TABLE `StEqpInst`                 AUTO_INCREMENT=1;
ALTER TABLE `StTktCmntInst`             AUTO_INCREMENT=1;
ALTER TABLE `StTktInst`                 AUTO_INCREMENT=1;
ALTER TABLE `StCatgConf`                AUTO_INCREMENT=1;
ALTER TABLE `StPriMtxConf`              AUTO_INCREMENT=1;
ALTER TABLE `StSvrLvlConf`              AUTO_INCREMENT=1;
ALTER TABLE `StAffLvlConf`              AUTO_INCREMENT=1;
ALTER TABLE `StPriConf`                 AUTO_INCREMENT=1;
ALTER TABLE `StLfeCyclConf`             AUTO_INCREMENT=1;
ALTER TABLE `StPhneInst`                AUTO_INCREMENT=1;
ALTER TABLE `StUserInst`                AUTO_INCREMENT=1;
ALTER TABLE `StPrsnInst`                AUTO_INCREMENT=1;

--
-- Person entities
--
INSERT INTO StPrsnInst ( `fname`, `lname`, `email`, `logl_del`, `last_mdfd_user`, `last_mdfd_tmst` ) VALUES ( 'Tyler'    , 'Filkins'  , 'tfilkins@fake.com'       , FALSE, 'TestDataLoad', '2001-01-01 00:00:00' );
INSERT INTO StPrsnInst ( `fname`, `lname`, `email`, `logl_del`, `last_mdfd_user`, `last_mdfd_tmst` ) VALUES ( 'Yumarzi'  , 'Khan'     , 'ymkhan@fake.com'         , FALSE, 'TestDataLoad', '2001-01-01 00:00:00' );
INSERT INTO StPrsnInst ( `fname`, `lname`, `email`, `logl_del`, `last_mdfd_user`, `last_mdfd_tmst` ) VALUES ( 'Jacob'    , 'Vosik'    , 'jacob.vosik@fake.com'    , FALSE, 'TestDataLoad', '2001-01-01 00:00:00' );
INSERT INTO StPrsnInst ( `fname`, `lname`, `email`, `logl_del`, `last_mdfd_user`, `last_mdfd_tmst` ) VALUES ( 'Hassan'   , 'Alradwan' , 'halradwan@fake.com'      , FALSE, 'TestDataLoad', '2001-01-01 00:00:00' );
INSERT INTO StPrsnInst ( `fname`, `lname`, `email`, `logl_del`, `last_mdfd_user`, `last_mdfd_tmst` ) VALUES ( 'Asad'     , 'Ullah'    , 'asadvasad@fake.com'      , FALSE, 'TestDataLoad', '2001-01-01 00:00:00' );

--
-- Phone entities
--
INSERT INTO StPhneInst ( `pid`, `type`, `intl`, `area`, `phone1`, `phone2`, `last_mdfd_user`, `last_mdfd_tmst` ) VALUES ( 1 , 'HOME', NULL, '402', '555', '0000', 'TestDataLoad', '2001-01-01 00:00:00' );
INSERT INTO StPhneInst ( `pid`, `type`, `intl`, `area`, `phone1`, `phone2`, `last_mdfd_user`, `last_mdfd_tmst` ) VALUES ( 1 , 'BUSN', NULL, '402', '555', '0001', 'TestDataLoad', '2001-01-01 00:00:00' );
INSERT INTO StPhneInst ( `pid`, `type`, `intl`, `area`, `phone1`, `phone2`, `last_mdfd_user`, `last_mdfd_tmst` ) VALUES ( 1 , 'CELL', NULL, '402', '555', '0002', 'TestDataLoad', '2001-01-01 00:00:00' );
INSERT INTO StPhneInst ( `pid`, `type`, `intl`, `area`, `phone1`, `phone2`, `last_mdfd_user`, `last_mdfd_tmst` ) VALUES ( 2 , 'HOME', NULL, '402', '555', '0003', 'TestDataLoad', '2001-01-01 00:00:00' );
INSERT INTO StPhneInst ( `pid`, `type`, `intl`, `area`, `phone1`, `phone2`, `last_mdfd_user`, `last_mdfd_tmst` ) VALUES ( 2 , 'BUSN', NULL, '402', '555', '0004', 'TestDataLoad', '2001-01-01 00:00:00' );
INSERT INTO StPhneInst ( `pid`, `type`, `intl`, `area`, `phone1`, `phone2`, `last_mdfd_user`, `last_mdfd_tmst` ) VALUES ( 2 , 'CELL', NULL, '402', '555', '0005', 'TestDataLoad', '2001-01-01 00:00:00' );
INSERT INTO StPhneInst ( `pid`, `type`, `intl`, `area`, `phone1`, `phone2`, `last_mdfd_user`, `last_mdfd_tmst` ) VALUES ( 3 , 'HOME', NULL, '402', '555', '0006', 'TestDataLoad', '2001-01-01 00:00:00' );
INSERT INTO StPhneInst ( `pid`, `type`, `intl`, `area`, `phone1`, `phone2`, `last_mdfd_user`, `last_mdfd_tmst` ) VALUES ( 3 , 'BUSN', NULL, '402', '555', '0007', 'TestDataLoad', '2001-01-01 00:00:00' );
INSERT INTO StPhneInst ( `pid`, `type`, `intl`, `area`, `phone1`, `phone2`, `last_mdfd_user`, `last_mdfd_tmst` ) VALUES ( 3 , 'CELL', NULL, '402', '555', '0008', 'TestDataLoad', '2001-01-01 00:00:00' );
INSERT INTO StPhneInst ( `pid`, `type`, `intl`, `area`, `phone1`, `phone2`, `last_mdfd_user`, `last_mdfd_tmst` ) VALUES ( 4 , 'HOME', NULL, '402', '555', '0009', 'TestDataLoad', '2001-01-01 00:00:00' );
INSERT INTO StPhneInst ( `pid`, `type`, `intl`, `area`, `phone1`, `phone2`, `last_mdfd_user`, `last_mdfd_tmst` ) VALUES ( 4 , 'BUSN', NULL, '402', '555', '0010', 'TestDataLoad', '2001-01-01 00:00:00' );
INSERT INTO StPhneInst ( `pid`, `type`, `intl`, `area`, `phone1`, `phone2`, `last_mdfd_user`, `last_mdfd_tmst` ) VALUES ( 4 , 'CELL', NULL, '402', '555', '0011', 'TestDataLoad', '2001-01-01 00:00:00' );
INSERT INTO StPhneInst ( `pid`, `type`, `intl`, `area`, `phone1`, `phone2`, `last_mdfd_user`, `last_mdfd_tmst` ) VALUES ( 5 , 'HOME', NULL, '402', '555', '0012', 'TestDataLoad', '2001-01-01 00:00:00' );
INSERT INTO StPhneInst ( `pid`, `type`, `intl`, `area`, `phone1`, `phone2`, `last_mdfd_user`, `last_mdfd_tmst` ) VALUES ( 5 , 'BUSN', NULL, '402', '555', '0013', 'TestDataLoad', '2001-01-01 00:00:00' );
INSERT INTO StPhneInst ( `pid`, `type`, `intl`, `area`, `phone1`, `phone2`, `last_mdfd_user`, `last_mdfd_tmst` ) VALUES ( 5 , 'CELL', NULL, '402', '555', '0014', 'TestDataLoad', '2001-01-01 00:00:00' );

--
-- User entities
--
INSERT INTO StUserInst ( `pid`, `user`, `pass`, `logl_del`, `last_mdfd_user`, `last_mdfd_tmst` ) VALUES ( 1, 'tfilkins'  , 'changeme', FALSE, 'TestDataLoad', '2001-01-01 00:00:00' );
INSERT INTO StUserInst ( `pid`, `user`, `pass`, `logl_del`, `last_mdfd_user`, `last_mdfd_tmst` ) VALUES ( 2, 'ykhan'     , 'changeme', FALSE, 'TestDataLoad', '2001-01-01 00:00:00' );
INSERT INTO StUserInst ( `pid`, `user`, `pass`, `logl_del`, `last_mdfd_user`, `last_mdfd_tmst` ) VALUES ( 3, 'jvosik'    , 'changeme', FALSE, 'TestDataLoad', '2001-01-01 00:00:00' );
INSERT INTO StUserInst ( `pid`, `user`, `pass`, `logl_del`, `last_mdfd_user`, `last_mdfd_tmst` ) VALUES ( 4, 'halradwan' , 'changeme', FALSE, 'TestDataLoad', '2001-01-01 00:00:00' );
INSERT INTO StUserInst ( `pid`, `user`, `pass`, `logl_del`, `last_mdfd_user`, `last_mdfd_tmst` ) VALUES ( 5, 'aullah'    , 'changeme', FALSE, 'TestDataLoad', '2001-01-01 00:00:00' );

--
-- Lifecycle configuration
--
INSERT INTO StLfeCyclConf ( `name`, `r`, `g`, `b`, `is_timed`, `logl_del`, `last_mdfd_user`, `last_mdfd_tmst` ) VALUES ( 'Open'         , 255, 102,   0,  TRUE, FALSE, 'TestDataLoad', '2001-01-01 00:00:00' );
INSERT INTO StLfeCyclConf ( `name`, `r`, `g`, `b`, `is_timed`, `logl_del`, `last_mdfd_user`, `last_mdfd_tmst` ) VALUES ( 'In Progress'  ,  51,   0, 255,  TRUE, FALSE, 'TestDataLoad', '2001-01-01 00:00:00' );
INSERT INTO StLfeCyclConf ( `name`, `r`, `g`, `b`, `is_timed`, `logl_del`, `last_mdfd_user`, `last_mdfd_tmst` ) VALUES ( 'Closed'       ,   0, 102,   0, FALSE, FALSE, 'TestDataLoad', '2001-01-01 00:00:00' );
INSERT INTO StLfeCyclConf ( `name`, `r`, `g`, `b`, `is_timed`, `logl_del`, `last_mdfd_user`, `last_mdfd_tmst` ) VALUES ( 'Waiting'      , 255, 255,  51, FALSE, FALSE, 'TestDataLoad', '2001-01-01 00:00:00' );

--
-- Affected level configuration
--
INSERT INTO StAffLvlConf ( `name`, `logl_del`, `last_mdfd_user`, `last_mdfd_tmst` ) VALUES ( '1 Person'     , FALSE, 'TestDataLoad', '2001-01-01 00:00:00' );
INSERT INTO StAffLvlConf ( `name`, `logl_del`, `last_mdfd_user`, `last_mdfd_tmst` ) VALUES ( '2-5 People'   , FALSE, 'TestDataLoad', '2001-01-01 00:00:00' );
INSERT INTO StAffLvlConf ( `name`, `logl_del`, `last_mdfd_user`, `last_mdfd_tmst` ) VALUES ( '6+ People'    , FALSE, 'TestDataLoad', '2001-01-01 00:00:00' );

--
-- Severity level configuration
--
INSERT INTO StSvrLvlConf ( `name`, `logl_del`, `last_mdfd_user`, `last_mdfd_tmst` ) VALUES ( 'Trivial'              , FALSE, 'TestDataLoad', '2001-01-01 00:00:00' );
INSERT INTO StSvrLvlConf ( `name`, `logl_del`, `last_mdfd_user`, `last_mdfd_tmst` ) VALUES ( 'Workaround Exists'    , FALSE, 'TestDataLoad', '2001-01-01 00:00:00' );
INSERT INTO StSvrLvlConf ( `name`, `logl_del`, `last_mdfd_user`, `last_mdfd_tmst` ) VALUES ( 'No Workaround'	    , FALSE, 'TestDataLoad', '2001-01-01 00:00:00' );

--
-- Priority configuration
--
INSERT INTO StPriConf ( `name`, `r`, `g`, `b`, `logl_del`, `last_mdfd_user`, `last_mdfd_tmst` ) VALUES ( 'Very Low'     ,   0, 153,  0, FALSE, 'TestDataLoad', '2001-01-01 00:00:00' );
INSERT INTO StPriConf ( `name`, `r`, `g`, `b`, `logl_del`, `last_mdfd_user`, `last_mdfd_tmst` ) VALUES ( 'Low'          ,   0, 255,  0, FALSE, 'TestDataLoad', '2001-01-01 00:00:00' );
INSERT INTO StPriConf ( `name`, `r`, `g`, `b`, `logl_del`, `last_mdfd_user`, `last_mdfd_tmst` ) VALUES ( 'Medium'       , 255, 255,  0, FALSE, 'TestDataLoad', '2001-01-01 00:00:00' );
INSERT INTO StPriConf ( `name`, `r`, `g`, `b`, `logl_del`, `last_mdfd_user`, `last_mdfd_tmst` ) VALUES ( 'High'         , 255, 128,  0, FALSE, 'TestDataLoad', '2001-01-01 00:00:00' );
INSERT INTO StPriConf ( `name`, `r`, `g`, `b`, `logl_del`, `last_mdfd_user`, `last_mdfd_tmst` ) VALUES ( 'Very High'    , 255,   0,  0, FALSE, 'TestDataLoad', '2001-01-01 00:00:00' );

--
-- Affected-Severity -> Priority configuration
--
INSERT INTO StPriMtxConf ( `aff_level`, `severity`, `priority`, `logl_del`, `last_mdfd_user`, `last_mdfd_tmst` ) VALUES ( 1, 1, 1, FALSE, 'TestDataLoad', '2001-01-01 00:00:00' );
INSERT INTO StPriMtxConf ( `aff_level`, `severity`, `priority`, `logl_del`, `last_mdfd_user`, `last_mdfd_tmst` ) VALUES ( 2, 1, 2, FALSE, 'TestDataLoad', '2001-01-01 00:00:00' );
INSERT INTO StPriMtxConf ( `aff_level`, `severity`, `priority`, `logl_del`, `last_mdfd_user`, `last_mdfd_tmst` ) VALUES ( 3, 1, 3, FALSE, 'TestDataLoad', '2001-01-01 00:00:00' );
INSERT INTO StPriMtxConf ( `aff_level`, `severity`, `priority`, `logl_del`, `last_mdfd_user`, `last_mdfd_tmst` ) VALUES ( 1, 2, 2, FALSE, 'TestDataLoad', '2001-01-01 00:00:00' );
INSERT INTO StPriMtxConf ( `aff_level`, `severity`, `priority`, `logl_del`, `last_mdfd_user`, `last_mdfd_tmst` ) VALUES ( 2, 2, 3, FALSE, 'TestDataLoad', '2001-01-01 00:00:00' );
INSERT INTO StPriMtxConf ( `aff_level`, `severity`, `priority`, `logl_del`, `last_mdfd_user`, `last_mdfd_tmst` ) VALUES ( 3, 2, 4, FALSE, 'TestDataLoad', '2001-01-01 00:00:00' );
INSERT INTO StPriMtxConf ( `aff_level`, `severity`, `priority`, `logl_del`, `last_mdfd_user`, `last_mdfd_tmst` ) VALUES ( 1, 3, 4, FALSE, 'TestDataLoad', '2001-01-01 00:00:00' );
INSERT INTO StPriMtxConf ( `aff_level`, `severity`, `priority`, `logl_del`, `last_mdfd_user`, `last_mdfd_tmst` ) VALUES ( 2, 3, 4, FALSE, 'TestDataLoad', '2001-01-01 00:00:00' );
INSERT INTO StPriMtxConf ( `aff_level`, `severity`, `priority`, `logl_del`, `last_mdfd_user`, `last_mdfd_tmst` ) VALUES ( 3, 3, 5, FALSE, 'TestDataLoad', '2001-01-01 00:00:00' );

--
-- Categories
--

INSERT INTO StCatgConf ( `name`, `logl_del`, `last_mdfd_user`, `last_mdfd_tmst` ) VALUES ( 'Account Creation'           , FALSE, 'TestDataLoad', '2001-01-01 00:00:00' );
INSERT INTO StCatgConf ( `name`, `logl_del`, `last_mdfd_user`, `last_mdfd_tmst` ) VALUES ( 'Account previleges'         , FALSE, 'TestDataLoad', '2001-01-01 00:00:00' );
INSERT INTO StCatgConf ( `name`, `logl_del`, `last_mdfd_user`, `last_mdfd_tmst` ) VALUES ( 'AD'                         , FALSE, 'TestDataLoad', '2001-01-01 00:00:00' );
INSERT INTO StCatgConf ( `name`, `logl_del`, `last_mdfd_user`, `last_mdfd_tmst` ) VALUES ( 'Backup'                     , FALSE, 'TestDataLoad', '2001-01-01 00:00:00' );
INSERT INTO StCatgConf ( `name`, `logl_del`, `last_mdfd_user`, `last_mdfd_tmst` ) VALUES ( 'Checkout item'              , FALSE, 'TestDataLoad', '2001-01-01 00:00:00' );
INSERT INTO StCatgConf ( `name`, `logl_del`, `last_mdfd_user`, `last_mdfd_tmst` ) VALUES ( 'Course'                     , FALSE, 'TestDataLoad', '2001-01-01 00:00:00' );
INSERT INTO StCatgConf ( `name`, `logl_del`, `last_mdfd_user`, `last_mdfd_tmst` ) VALUES ( 'Data'                       , FALSE, 'TestDataLoad', '2001-01-01 00:00:00' );
INSERT INTO StCatgConf ( `name`, `logl_del`, `last_mdfd_user`, `last_mdfd_tmst` ) VALUES ( 'Database'                   , FALSE, 'TestDataLoad', '2001-01-01 00:00:00' );
INSERT INTO StCatgConf ( `name`, `logl_del`, `last_mdfd_user`, `last_mdfd_tmst` ) VALUES ( 'Decommision'                , FALSE, 'TestDataLoad', '2001-01-01 00:00:00' );
INSERT INTO StCatgConf ( `name`, `logl_del`, `last_mdfd_user`, `last_mdfd_tmst` ) VALUES ( 'DNS'                        , FALSE, 'TestDataLoad', '2001-01-01 00:00:00' );
INSERT INTO StCatgConf ( `name`, `logl_del`, `last_mdfd_user`, `last_mdfd_tmst` ) VALUES ( 'Documentation'              , FALSE, 'TestDataLoad', '2001-01-01 00:00:00' );
INSERT INTO StCatgConf ( `name`, `logl_del`, `last_mdfd_user`, `last_mdfd_tmst` ) VALUES ( 'Email'                      , FALSE, 'TestDataLoad', '2001-01-01 00:00:00' );
INSERT INTO StCatgConf ( `name`, `logl_del`, `last_mdfd_user`, `last_mdfd_tmst` ) VALUES ( 'Hardware'                   , FALSE, 'TestDataLoad', '2001-01-01 00:00:00' );
INSERT INTO StCatgConf ( `name`, `logl_del`, `last_mdfd_user`, `last_mdfd_tmst` ) VALUES ( 'HCC'                        , FALSE, 'TestDataLoad', '2001-01-01 00:00:00' );
INSERT INTO StCatgConf ( `name`, `logl_del`, `last_mdfd_user`, `last_mdfd_tmst` ) VALUES ( 'HPC'                        , FALSE, 'TestDataLoad', '2001-01-01 00:00:00' );
INSERT INTO StCatgConf ( `name`, `logl_del`, `last_mdfd_user`, `last_mdfd_tmst` ) VALUES ( 'Imaging'                    , FALSE, 'TestDataLoad', '2001-01-01 00:00:00' );
INSERT INTO StCatgConf ( `name`, `logl_del`, `last_mdfd_user`, `last_mdfd_tmst` ) VALUES ( 'Inventory'                  , FALSE, 'TestDataLoad', '2001-01-01 00:00:00' );
INSERT INTO StCatgConf ( `name`, `logl_del`, `last_mdfd_user`, `last_mdfd_tmst` ) VALUES ( 'IRC'                        , FALSE, 'TestDataLoad', '2001-01-01 00:00:00' );
INSERT INTO StCatgConf ( `name`, `logl_del`, `last_mdfd_user`, `last_mdfd_tmst` ) VALUES ( 'Login'                      , FALSE, 'TestDataLoad', '2001-01-01 00:00:00' );
INSERT INTO StCatgConf ( `name`, `logl_del`, `last_mdfd_user`, `last_mdfd_tmst` ) VALUES ( 'Logs'                       , FALSE, 'TestDataLoad', '2001-01-01 00:00:00' );
INSERT INTO StCatgConf ( `name`, `logl_del`, `last_mdfd_user`, `last_mdfd_tmst` ) VALUES ( 'Misc'                       , FALSE, 'TestDataLoad', '2001-01-01 00:00:00' );
INSERT INTO StCatgConf ( `name`, `logl_del`, `last_mdfd_user`, `last_mdfd_tmst` ) VALUES ( 'Move'                       , FALSE, 'TestDataLoad', '2001-01-01 00:00:00' );
INSERT INTO StCatgConf ( `name`, `logl_del`, `last_mdfd_user`, `last_mdfd_tmst` ) VALUES ( 'Netowrk'                    , FALSE, 'TestDataLoad', '2001-01-01 00:00:00' );
INSERT INTO StCatgConf ( `name`, `logl_del`, `last_mdfd_user`, `last_mdfd_tmst` ) VALUES ( 'Organize'                   , FALSE, 'TestDataLoad', '2001-01-01 00:00:00' );
INSERT INTO StCatgConf ( `name`, `logl_del`, `last_mdfd_user`, `last_mdfd_tmst` ) VALUES ( 'OS Install'                 , FALSE, 'TestDataLoad', '2001-01-01 00:00:00' );
INSERT INTO StCatgConf ( `name`, `logl_del`, `last_mdfd_user`, `last_mdfd_tmst` ) VALUES ( 'Other Account Related'      , FALSE, 'TestDataLoad', '2001-01-01 00:00:00' );
INSERT INTO StCatgConf ( `name`, `logl_del`, `last_mdfd_user`, `last_mdfd_tmst` ) VALUES ( 'Password'                   , FALSE, 'TestDataLoad', '2001-01-01 00:00:00' );
INSERT INTO StCatgConf ( `name`, `logl_del`, `last_mdfd_user`, `last_mdfd_tmst` ) VALUES ( 'Permission'                 , FALSE, 'TestDataLoad', '2001-01-01 00:00:00' );
INSERT INTO StCatgConf ( `name`, `logl_del`, `last_mdfd_user`, `last_mdfd_tmst` ) VALUES ( 'Printer'                    , FALSE, 'TestDataLoad', '2001-01-01 00:00:00' );
INSERT INTO StCatgConf ( `name`, `logl_del`, `last_mdfd_user`, `last_mdfd_tmst` ) VALUES ( 'Public Relations'           , FALSE, 'TestDataLoad', '2001-01-01 00:00:00' );
INSERT INTO StCatgConf ( `name`, `logl_del`, `last_mdfd_user`, `last_mdfd_tmst` ) VALUES ( 'Purchase Request'           , FALSE, 'TestDataLoad', '2001-01-01 00:00:00' );
INSERT INTO StCatgConf ( `name`, `logl_del`, `last_mdfd_user`, `last_mdfd_tmst` ) VALUES ( 'Restricted Data'            , FALSE, 'TestDataLoad', '2001-01-01 00:00:00' );
INSERT INTO StCatgConf ( `name`, `logl_del`, `last_mdfd_user`, `last_mdfd_tmst` ) VALUES ( 'Room Access'                , FALSE, 'TestDataLoad', '2001-01-01 00:00:00' );
INSERT INTO StCatgConf ( `name`, `logl_del`, `last_mdfd_user`, `last_mdfd_tmst` ) VALUES ( 'Room Reservation'           , FALSE, 'TestDataLoad', '2001-01-01 00:00:00' );
INSERT INTO StCatgConf ( `name`, `logl_del`, `last_mdfd_user`, `last_mdfd_tmst` ) VALUES ( 'SCM'                        , FALSE, 'TestDataLoad', '2001-01-01 00:00:00' );
INSERT INTO StCatgConf ( `name`, `logl_del`, `last_mdfd_user`, `last_mdfd_tmst` ) VALUES ( 'Security'                   , FALSE, 'TestDataLoad', '2001-01-01 00:00:00' );
INSERT INTO StCatgConf ( `name`, `logl_del`, `last_mdfd_user`, `last_mdfd_tmst` ) VALUES ( 'Server'                     , FALSE, 'TestDataLoad', '2001-01-01 00:00:00' );
INSERT INTO StCatgConf ( `name`, `logl_del`, `last_mdfd_user`, `last_mdfd_tmst` ) VALUES ( 'Software'                   , FALSE, 'TestDataLoad', '2001-01-01 00:00:00' );
INSERT INTO StCatgConf ( `name`, `logl_del`, `last_mdfd_user`, `last_mdfd_tmst` ) VALUES ( 'SSL Certificate'            , FALSE, 'TestDataLoad', '2001-01-01 00:00:00' );
INSERT INTO StCatgConf ( `name`, `logl_del`, `last_mdfd_user`, `last_mdfd_tmst` ) VALUES ( 'Storage'                    , FALSE, 'TestDataLoad', '2001-01-01 00:00:00' );
INSERT INTO StCatgConf ( `name`, `logl_del`, `last_mdfd_user`, `last_mdfd_tmst` ) VALUES ( 'Surplus'                    , FALSE, 'TestDataLoad', '2001-01-01 00:00:00' );
INSERT INTO StCatgConf ( `name`, `logl_del`, `last_mdfd_user`, `last_mdfd_tmst` ) VALUES ( 'Systems Integration'        , FALSE, 'TestDataLoad', '2001-01-01 00:00:00' );
INSERT INTO StCatgConf ( `name`, `logl_del`, `last_mdfd_user`, `last_mdfd_tmst` ) VALUES ( 'Technical Specifications'   , FALSE, 'TestDataLoad', '2001-01-01 00:00:00' );
INSERT INTO StCatgConf ( `name`, `logl_del`, `last_mdfd_user`, `last_mdfd_tmst` ) VALUES ( 'Virus/Spyware/Malware'      , FALSE, 'TestDataLoad', '2001-01-01 00:00:00' );
INSERT INTO StCatgConf ( `name`, `logl_del`, `last_mdfd_user`, `last_mdfd_tmst` ) VALUES ( 'VMWARE'                     , FALSE, 'TestDataLoad', '2001-01-01 00:00:00' );
INSERT INTO StCatgConf ( `name`, `logl_del`, `last_mdfd_user`, `last_mdfd_tmst` ) VALUES ( 'Website'                    , FALSE, 'TestDataLoad', '2001-01-01 00:00:00' );
INSERT INTO StCatgConf ( `name`, `logl_del`, `last_mdfd_user`, `last_mdfd_tmst` ) VALUES ( 'Wiki'                       , FALSE, 'TestDataLoad', '2001-01-01 00:00:00' );
INSERT INTO StCatgConf ( `name`, `logl_del`, `last_mdfd_user`, `last_mdfd_tmst` ) VALUES ( 'Workstation Setup'          , FALSE, 'TestDataLoad', '2001-01-01 00:00:00' );

-- 
-- Tickets
-- 
INSERT INTO `StTktInst` ( `opener`, `assignee`, `aff_level`, `severity`, `title`, `description`, `catg`, `life_cycl_id`, `insrt_tmst`, `expct_hours`, `last_open_time`, `logl_del`, `last_mdfd_user`, `last_mdfd_tmst` ) VALUES ( 3, 4, 1, 1, 'Title 000', 'Description 000', 8, 3, '2015-04-25 13:00:23', 1, 9, FALSE, 'TestDataLoad', '2015-04-25 13:00:23');
INSERT INTO `StTktInst` ( `opener`, `assignee`, `aff_level`, `severity`, `title`, `description`, `catg`, `life_cycl_id`, `insrt_tmst`, `expct_hours`, `last_open_time`, `logl_del`, `last_mdfd_user`, `last_mdfd_tmst` ) VALUES ( 5, 1, 3, 3, 'Title 001', 'Description 001', 30, 3, '2015-04-25 13:00:24', 20, 34, TRUE, 'TestDataLoad', '2015-04-25 13:00:25');
INSERT INTO `StTktInst` ( `opener`, `assignee`, `aff_level`, `severity`, `title`, `description`, `catg`, `life_cycl_id`, `insrt_tmst`, `expct_hours`, `last_open_time`, `logl_del`, `last_mdfd_user`, `last_mdfd_tmst` ) VALUES ( 5, 2, 1, 2, 'Title 002', 'Description 002', 47, 2, '2015-04-25 13:00:25', 39, 22, FALSE, 'TestDataLoad', '2015-04-25 13:00:27');
INSERT INTO `StTktInst` ( `opener`, `assignee`, `aff_level`, `severity`, `title`, `description`, `catg`, `life_cycl_id`, `insrt_tmst`, `expct_hours`, `last_open_time`, `logl_del`, `last_mdfd_user`, `last_mdfd_tmst` ) VALUES ( 4, 2, 1, 3, 'Title 003', 'Description 003', 20, 4, '2015-04-25 13:00:26', 37, 10, FALSE, 'TestDataLoad', '2015-04-25 13:00:29');
INSERT INTO `StTktInst` ( `opener`, `assignee`, `aff_level`, `severity`, `title`, `description`, `catg`, `life_cycl_id`, `insrt_tmst`, `expct_hours`, `last_open_time`, `logl_del`, `last_mdfd_user`, `last_mdfd_tmst` ) VALUES ( 4, 4, 1, 2, 'Title 004', 'Description 004', 42, 3, '2015-04-25 13:00:27', 39, 8, FALSE, 'TestDataLoad', '2015-04-25 13:00:31');
INSERT INTO `StTktInst` ( `opener`, `assignee`, `aff_level`, `severity`, `title`, `description`, `catg`, `life_cycl_id`, `insrt_tmst`, `expct_hours`, `last_open_time`, `logl_del`, `last_mdfd_user`, `last_mdfd_tmst` ) VALUES ( 1, 5, 2, 2, 'Title 005', 'Description 005', 28, 3, '2015-04-25 13:00:28', 11, 21, FALSE, 'TestDataLoad', '2015-04-25 13:00:33');
INSERT INTO `StTktInst` ( `opener`, `assignee`, `aff_level`, `severity`, `title`, `description`, `catg`, `life_cycl_id`, `insrt_tmst`, `expct_hours`, `last_open_time`, `logl_del`, `last_mdfd_user`, `last_mdfd_tmst` ) VALUES ( 2, 4, 1, 2, 'Title 006', 'Description 006', 7, 2, '2015-04-25 13:00:29', 2, 24, FALSE, 'TestDataLoad', '2015-04-25 13:00:35');
INSERT INTO `StTktInst` ( `opener`, `assignee`, `aff_level`, `severity`, `title`, `description`, `catg`, `life_cycl_id`, `insrt_tmst`, `expct_hours`, `last_open_time`, `logl_del`, `last_mdfd_user`, `last_mdfd_tmst` ) VALUES ( 3, 3, 1, 3, 'Title 007', 'Description 007', 44, 3, '2015-04-25 13:00:30', 18, 35, FALSE, 'TestDataLoad', '2015-04-25 13:00:37');
INSERT INTO `StTktInst` ( `opener`, `assignee`, `aff_level`, `severity`, `title`, `description`, `catg`, `life_cycl_id`, `insrt_tmst`, `expct_hours`, `last_open_time`, `logl_del`, `last_mdfd_user`, `last_mdfd_tmst` ) VALUES ( 4, 5, 3, 3, 'Title 008', 'Description 008', 4, 2, '2015-04-25 13:00:31', 23, 37, FALSE, 'TestDataLoad', '2015-04-25 13:00:39');
INSERT INTO `StTktInst` ( `opener`, `assignee`, `aff_level`, `severity`, `title`, `description`, `catg`, `life_cycl_id`, `insrt_tmst`, `expct_hours`, `last_open_time`, `logl_del`, `last_mdfd_user`, `last_mdfd_tmst` ) VALUES ( 4, 3, 3, 3, 'Title 009', 'Description 009', 48, 3, '2015-04-25 13:00:32', 29, 0, FALSE, 'TestDataLoad', '2015-04-25 13:00:41');
INSERT INTO `StTktInst` ( `opener`, `assignee`, `aff_level`, `severity`, `title`, `description`, `catg`, `life_cycl_id`, `insrt_tmst`, `expct_hours`, `last_open_time`, `logl_del`, `last_mdfd_user`, `last_mdfd_tmst` ) VALUES ( 2, 4, 3, 1, 'Title 010', 'Description 010', 14, 2, '2015-04-25 13:00:33', 33, 37, FALSE, 'TestDataLoad', '2015-04-25 13:00:43');
INSERT INTO `StTktInst` ( `opener`, `assignee`, `aff_level`, `severity`, `title`, `description`, `catg`, `life_cycl_id`, `insrt_tmst`, `expct_hours`, `last_open_time`, `logl_del`, `last_mdfd_user`, `last_mdfd_tmst` ) VALUES ( 5, 1, 3, 3, 'Title 011', 'Description 011', 36, 2, '2015-04-25 13:00:34', 3, 33, FALSE, 'TestDataLoad', '2015-04-25 13:00:45');
INSERT INTO `StTktInst` ( `opener`, `assignee`, `aff_level`, `severity`, `title`, `description`, `catg`, `life_cycl_id`, `insrt_tmst`, `expct_hours`, `last_open_time`, `logl_del`, `last_mdfd_user`, `last_mdfd_tmst` ) VALUES ( 4, 3, 3, 2, 'Title 012', 'Description 012', 12, 4, '2015-04-25 13:00:35', 3, 28, FALSE, 'TestDataLoad', '2015-04-25 13:00:47');
INSERT INTO `StTktInst` ( `opener`, `assignee`, `aff_level`, `severity`, `title`, `description`, `catg`, `life_cycl_id`, `insrt_tmst`, `expct_hours`, `last_open_time`, `logl_del`, `last_mdfd_user`, `last_mdfd_tmst` ) VALUES ( 1, 1, 1, 2, 'Title 013', 'Description 013', 45, 4, '2015-04-25 13:00:36', 32, 39, FALSE, 'TestDataLoad', '2015-04-25 13:00:49');
INSERT INTO `StTktInst` ( `opener`, `assignee`, `aff_level`, `severity`, `title`, `description`, `catg`, `life_cycl_id`, `insrt_tmst`, `expct_hours`, `last_open_time`, `logl_del`, `last_mdfd_user`, `last_mdfd_tmst` ) VALUES ( 2, 5, 1, 2, 'Title 014', 'Description 014', 10, 4, '2015-04-25 13:00:37', 4, 21, FALSE, 'TestDataLoad', '2015-04-25 13:00:51');
INSERT INTO `StTktInst` ( `opener`, `assignee`, `aff_level`, `severity`, `title`, `description`, `catg`, `life_cycl_id`, `insrt_tmst`, `expct_hours`, `last_open_time`, `logl_del`, `last_mdfd_user`, `last_mdfd_tmst` ) VALUES ( 2, 4, 3, 2, 'Title 015', 'Description 015', 1, 3, '2015-04-25 13:00:38', 19, 29, FALSE, 'TestDataLoad', '2015-04-25 13:00:53');
INSERT INTO `StTktInst` ( `opener`, `assignee`, `aff_level`, `severity`, `title`, `description`, `catg`, `life_cycl_id`, `insrt_tmst`, `expct_hours`, `last_open_time`, `logl_del`, `last_mdfd_user`, `last_mdfd_tmst` ) VALUES ( 4, 4, 3, 2, 'Title 016', 'Description 016', 32, 1, '2015-04-25 13:00:39', 8, 36, FALSE, 'TestDataLoad', '2015-04-25 13:00:55');
INSERT INTO `StTktInst` ( `opener`, `assignee`, `aff_level`, `severity`, `title`, `description`, `catg`, `life_cycl_id`, `insrt_tmst`, `expct_hours`, `last_open_time`, `logl_del`, `last_mdfd_user`, `last_mdfd_tmst` ) VALUES ( 3, 5, 3, 2, 'Title 017', 'Description 017', 35, 4, '2015-04-25 13:00:40', 38, 18, FALSE, 'TestDataLoad', '2015-04-25 13:00:57');
INSERT INTO `StTktInst` ( `opener`, `assignee`, `aff_level`, `severity`, `title`, `description`, `catg`, `life_cycl_id`, `insrt_tmst`, `expct_hours`, `last_open_time`, `logl_del`, `last_mdfd_user`, `last_mdfd_tmst` ) VALUES ( 3, 5, 1, 2, 'Title 018', 'Description 018', 39, 4, '2015-04-25 13:00:41', 29, 34, FALSE, 'TestDataLoad', '2015-04-25 13:00:59');
INSERT INTO `StTktInst` ( `opener`, `assignee`, `aff_level`, `severity`, `title`, `description`, `catg`, `life_cycl_id`, `insrt_tmst`, `expct_hours`, `last_open_time`, `logl_del`, `last_mdfd_user`, `last_mdfd_tmst` ) VALUES ( 5, 4, 2, 1, 'Title 019', 'Description 019', 8, 2, '2015-04-25 13:00:42', 27, 19, FALSE, 'TestDataLoad', '2015-04-25 13:01:01');
INSERT INTO `StTktInst` ( `opener`, `assignee`, `aff_level`, `severity`, `title`, `description`, `catg`, `life_cycl_id`, `insrt_tmst`, `expct_hours`, `last_open_time`, `logl_del`, `last_mdfd_user`, `last_mdfd_tmst` ) VALUES ( 1, 3, 1, 2, 'Title 020', 'Description 020', 44, 4, '2015-04-25 13:00:43', 39, 26, FALSE, 'TestDataLoad', '2015-04-25 13:01:03');
INSERT INTO `StTktInst` ( `opener`, `assignee`, `aff_level`, `severity`, `title`, `description`, `catg`, `life_cycl_id`, `insrt_tmst`, `expct_hours`, `last_open_time`, `logl_del`, `last_mdfd_user`, `last_mdfd_tmst` ) VALUES ( 5, 1, 3, 3, 'Title 021', 'Description 021', 28, 1, '2015-04-25 13:00:44', 4, 39, FALSE, 'TestDataLoad', '2015-04-25 13:01:05');
INSERT INTO `StTktInst` ( `opener`, `assignee`, `aff_level`, `severity`, `title`, `description`, `catg`, `life_cycl_id`, `insrt_tmst`, `expct_hours`, `last_open_time`, `logl_del`, `last_mdfd_user`, `last_mdfd_tmst` ) VALUES ( 4, 2, 3, 1, 'Title 022', 'Description 022', 23, 2, '2015-04-25 13:00:45', 21, 38, FALSE, 'TestDataLoad', '2015-04-25 13:01:07');
INSERT INTO `StTktInst` ( `opener`, `assignee`, `aff_level`, `severity`, `title`, `description`, `catg`, `life_cycl_id`, `insrt_tmst`, `expct_hours`, `last_open_time`, `logl_del`, `last_mdfd_user`, `last_mdfd_tmst` ) VALUES ( 3, 4, 2, 3, 'Title 023', 'Description 023', 34, 1, '2015-04-25 13:00:46', 15, 26, FALSE, 'TestDataLoad', '2015-04-25 13:01:09');
INSERT INTO `StTktInst` ( `opener`, `assignee`, `aff_level`, `severity`, `title`, `description`, `catg`, `life_cycl_id`, `insrt_tmst`, `expct_hours`, `last_open_time`, `logl_del`, `last_mdfd_user`, `last_mdfd_tmst` ) VALUES ( 1, 5, 1, 3, 'Title 024', 'Description 024', 25, 4, '2015-04-25 13:00:47', 34, 38, FALSE, 'TestDataLoad', '2015-04-25 13:01:11');
INSERT INTO `StTktInst` ( `opener`, `assignee`, `aff_level`, `severity`, `title`, `description`, `catg`, `life_cycl_id`, `insrt_tmst`, `expct_hours`, `last_open_time`, `logl_del`, `last_mdfd_user`, `last_mdfd_tmst` ) VALUES ( 3, 4, 3, 1, 'Title 025', 'Description 025', 32, 1, '2015-04-25 13:00:48', 39, 14, TRUE, 'TestDataLoad', '2015-04-25 13:01:13');
INSERT INTO `StTktInst` ( `opener`, `assignee`, `aff_level`, `severity`, `title`, `description`, `catg`, `life_cycl_id`, `insrt_tmst`, `expct_hours`, `last_open_time`, `logl_del`, `last_mdfd_user`, `last_mdfd_tmst` ) VALUES ( 2, 5, 1, 2, 'Title 026', 'Description 026', 12, 1, '2015-04-25 13:00:49', 36, 24, FALSE, 'TestDataLoad', '2015-04-25 13:01:15');
INSERT INTO `StTktInst` ( `opener`, `assignee`, `aff_level`, `severity`, `title`, `description`, `catg`, `life_cycl_id`, `insrt_tmst`, `expct_hours`, `last_open_time`, `logl_del`, `last_mdfd_user`, `last_mdfd_tmst` ) VALUES ( 4, 3, 2, 2, 'Title 027', 'Description 027', 47, 3, '2015-04-25 13:00:50', 8, 26, FALSE, 'TestDataLoad', '2015-04-25 13:01:17');
INSERT INTO `StTktInst` ( `opener`, `assignee`, `aff_level`, `severity`, `title`, `description`, `catg`, `life_cycl_id`, `insrt_tmst`, `expct_hours`, `last_open_time`, `logl_del`, `last_mdfd_user`, `last_mdfd_tmst` ) VALUES ( 3, 5, 3, 3, 'Title 028', 'Description 028', 9, 2, '2015-04-25 13:00:51', 27, 21, FALSE, 'TestDataLoad', '2015-04-25 13:01:19');
INSERT INTO `StTktInst` ( `opener`, `assignee`, `aff_level`, `severity`, `title`, `description`, `catg`, `life_cycl_id`, `insrt_tmst`, `expct_hours`, `last_open_time`, `logl_del`, `last_mdfd_user`, `last_mdfd_tmst` ) VALUES ( 1, 5, 2, 1, 'Title 029', 'Description 029', 3, 4, '2015-04-25 13:00:52', 19, 26, FALSE, 'TestDataLoad', '2015-04-25 13:01:21');
INSERT INTO `StTktInst` ( `opener`, `assignee`, `aff_level`, `severity`, `title`, `description`, `catg`, `life_cycl_id`, `insrt_tmst`, `expct_hours`, `last_open_time`, `logl_del`, `last_mdfd_user`, `last_mdfd_tmst` ) VALUES ( 3, 2, 2, 1, 'Title 030', 'Description 030', 41, 3, '2015-04-25 13:00:53', 31, 0, FALSE, 'TestDataLoad', '2015-04-25 13:01:23');
INSERT INTO `StTktInst` ( `opener`, `assignee`, `aff_level`, `severity`, `title`, `description`, `catg`, `life_cycl_id`, `insrt_tmst`, `expct_hours`, `last_open_time`, `logl_del`, `last_mdfd_user`, `last_mdfd_tmst` ) VALUES ( 5, 4, 2, 3, 'Title 031', 'Description 031', 27, 1, '2015-04-25 13:00:54', 36, 11, FALSE, 'TestDataLoad', '2015-04-25 13:01:25');
INSERT INTO `StTktInst` ( `opener`, `assignee`, `aff_level`, `severity`, `title`, `description`, `catg`, `life_cycl_id`, `insrt_tmst`, `expct_hours`, `last_open_time`, `logl_del`, `last_mdfd_user`, `last_mdfd_tmst` ) VALUES ( 1, 5, 3, 3, 'Title 032', 'Description 032', 13, 4, '2015-04-25 13:00:55', 1, 29, FALSE, 'TestDataLoad', '2015-04-25 13:01:27');
INSERT INTO `StTktInst` ( `opener`, `assignee`, `aff_level`, `severity`, `title`, `description`, `catg`, `life_cycl_id`, `insrt_tmst`, `expct_hours`, `last_open_time`, `logl_del`, `last_mdfd_user`, `last_mdfd_tmst` ) VALUES ( 1, 3, 2, 3, 'Title 033', 'Description 033', 10, 4, '2015-04-25 13:00:56', 9, 29, FALSE, 'TestDataLoad', '2015-04-25 13:01:29');
INSERT INTO `StTktInst` ( `opener`, `assignee`, `aff_level`, `severity`, `title`, `description`, `catg`, `life_cycl_id`, `insrt_tmst`, `expct_hours`, `last_open_time`, `logl_del`, `last_mdfd_user`, `last_mdfd_tmst` ) VALUES ( 1, 3, 1, 2, 'Title 034', 'Description 034', 37, 1, '2015-04-25 13:00:57', 10, 38, FALSE, 'TestDataLoad', '2015-04-25 13:01:31');
INSERT INTO `StTktInst` ( `opener`, `assignee`, `aff_level`, `severity`, `title`, `description`, `catg`, `life_cycl_id`, `insrt_tmst`, `expct_hours`, `last_open_time`, `logl_del`, `last_mdfd_user`, `last_mdfd_tmst` ) VALUES ( 3, 3, 2, 3, 'Title 035', 'Description 035', 34, 3, '2015-04-25 13:00:58', 20, 29, FALSE, 'TestDataLoad', '2015-04-25 13:01:33');
INSERT INTO `StTktInst` ( `opener`, `assignee`, `aff_level`, `severity`, `title`, `description`, `catg`, `life_cycl_id`, `insrt_tmst`, `expct_hours`, `last_open_time`, `logl_del`, `last_mdfd_user`, `last_mdfd_tmst` ) VALUES ( 4, 2, 2, 3, 'Title 036', 'Description 036', 29, 3, '2015-04-25 13:00:59', 13, 7, FALSE, 'TestDataLoad', '2015-04-25 13:01:35');
INSERT INTO `StTktInst` ( `opener`, `assignee`, `aff_level`, `severity`, `title`, `description`, `catg`, `life_cycl_id`, `insrt_tmst`, `expct_hours`, `last_open_time`, `logl_del`, `last_mdfd_user`, `last_mdfd_tmst` ) VALUES ( 5, 4, 2, 1, 'Title 037', 'Description 037', 37, 3, '2015-04-25 13:01:00', 1, 16, FALSE, 'TestDataLoad', '2015-04-25 13:01:37');
INSERT INTO `StTktInst` ( `opener`, `assignee`, `aff_level`, `severity`, `title`, `description`, `catg`, `life_cycl_id`, `insrt_tmst`, `expct_hours`, `last_open_time`, `logl_del`, `last_mdfd_user`, `last_mdfd_tmst` ) VALUES ( 5, 3, 1, 1, 'Title 038', 'Description 038', 21, 4, '2015-04-25 13:01:01', 30, 11, FALSE, 'TestDataLoad', '2015-04-25 13:01:39');
INSERT INTO `StTktInst` ( `opener`, `assignee`, `aff_level`, `severity`, `title`, `description`, `catg`, `life_cycl_id`, `insrt_tmst`, `expct_hours`, `last_open_time`, `logl_del`, `last_mdfd_user`, `last_mdfd_tmst` ) VALUES ( 2, 5, 3, 2, 'Title 039', 'Description 039', 1, 2, '2015-04-25 13:01:02', 29, 7, FALSE, 'TestDataLoad', '2015-04-25 13:01:41');
INSERT INTO `StTktInst` ( `opener`, `assignee`, `aff_level`, `severity`, `title`, `description`, `catg`, `life_cycl_id`, `insrt_tmst`, `expct_hours`, `last_open_time`, `logl_del`, `last_mdfd_user`, `last_mdfd_tmst` ) VALUES ( 5, 2, 1, 1, 'Title 040', 'Description 040', 7, 2, '2015-04-25 13:01:03', 9, 30, FALSE, 'TestDataLoad', '2015-04-25 13:01:43');
INSERT INTO `StTktInst` ( `opener`, `assignee`, `aff_level`, `severity`, `title`, `description`, `catg`, `life_cycl_id`, `insrt_tmst`, `expct_hours`, `last_open_time`, `logl_del`, `last_mdfd_user`, `last_mdfd_tmst` ) VALUES ( 5, 2, 3, 2, 'Title 041', 'Description 041', 20, 4, '2015-04-25 13:01:04', 21, 26, FALSE, 'TestDataLoad', '2015-04-25 13:01:45');
INSERT INTO `StTktInst` ( `opener`, `assignee`, `aff_level`, `severity`, `title`, `description`, `catg`, `life_cycl_id`, `insrt_tmst`, `expct_hours`, `last_open_time`, `logl_del`, `last_mdfd_user`, `last_mdfd_tmst` ) VALUES ( 5, 3, 2, 3, 'Title 042', 'Description 042', 20, 1, '2015-04-25 13:01:05', 2, 36, FALSE, 'TestDataLoad', '2015-04-25 13:01:47');
INSERT INTO `StTktInst` ( `opener`, `assignee`, `aff_level`, `severity`, `title`, `description`, `catg`, `life_cycl_id`, `insrt_tmst`, `expct_hours`, `last_open_time`, `logl_del`, `last_mdfd_user`, `last_mdfd_tmst` ) VALUES ( 5, 1, 1, 3, 'Title 043', 'Description 043', 13, 3, '2015-04-25 13:01:06', 24, 33, FALSE, 'TestDataLoad', '2015-04-25 13:01:49');
INSERT INTO `StTktInst` ( `opener`, `assignee`, `aff_level`, `severity`, `title`, `description`, `catg`, `life_cycl_id`, `insrt_tmst`, `expct_hours`, `last_open_time`, `logl_del`, `last_mdfd_user`, `last_mdfd_tmst` ) VALUES ( 1, 1, 3, 3, 'Title 044', 'Description 044', 34, 3, '2015-04-25 13:01:07', 16, 29, FALSE, 'TestDataLoad', '2015-04-25 13:01:51');
INSERT INTO `StTktInst` ( `opener`, `assignee`, `aff_level`, `severity`, `title`, `description`, `catg`, `life_cycl_id`, `insrt_tmst`, `expct_hours`, `last_open_time`, `logl_del`, `last_mdfd_user`, `last_mdfd_tmst` ) VALUES ( 5, 5, 1, 3, 'Title 045', 'Description 045', 45, 3, '2015-04-25 13:01:08', 4, 36, FALSE, 'TestDataLoad', '2015-04-25 13:01:53');
INSERT INTO `StTktInst` ( `opener`, `assignee`, `aff_level`, `severity`, `title`, `description`, `catg`, `life_cycl_id`, `insrt_tmst`, `expct_hours`, `last_open_time`, `logl_del`, `last_mdfd_user`, `last_mdfd_tmst` ) VALUES ( 1, 1, 3, 2, 'Title 046', 'Description 046', 41, 3, '2015-04-25 13:01:09', 2, 8, FALSE, 'TestDataLoad', '2015-04-25 13:01:55');
INSERT INTO `StTktInst` ( `opener`, `assignee`, `aff_level`, `severity`, `title`, `description`, `catg`, `life_cycl_id`, `insrt_tmst`, `expct_hours`, `last_open_time`, `logl_del`, `last_mdfd_user`, `last_mdfd_tmst` ) VALUES ( 4, 5, 3, 2, 'Title 047', 'Description 047', 45, 2, '2015-04-25 13:01:10', 38, 19, FALSE, 'TestDataLoad', '2015-04-25 13:01:57');
INSERT INTO `StTktInst` ( `opener`, `assignee`, `aff_level`, `severity`, `title`, `description`, `catg`, `life_cycl_id`, `insrt_tmst`, `expct_hours`, `last_open_time`, `logl_del`, `last_mdfd_user`, `last_mdfd_tmst` ) VALUES ( 4, 2, 2, 2, 'Title 048', 'Description 048', 30, 3, '2015-04-25 13:01:11', 11, 35, FALSE, 'TestDataLoad', '2015-04-25 13:01:59');
INSERT INTO `StTktInst` ( `opener`, `assignee`, `aff_level`, `severity`, `title`, `description`, `catg`, `life_cycl_id`, `insrt_tmst`, `expct_hours`, `last_open_time`, `logl_del`, `last_mdfd_user`, `last_mdfd_tmst` ) VALUES ( 3, 3, 2, 1, 'Title 049', 'Description 049', 11, 4, '2015-04-25 13:01:12', 7, 1, FALSE, 'TestDataLoad', '2015-04-25 13:02:01');
INSERT INTO `StTktInst` ( `opener`, `assignee`, `aff_level`, `severity`, `title`, `description`, `catg`, `life_cycl_id`, `insrt_tmst`, `expct_hours`, `last_open_time`, `logl_del`, `last_mdfd_user`, `last_mdfd_tmst` ) VALUES ( 1, 5, 2, 2, 'Title 050', 'Description 050', 45, 2, '2015-04-25 13:01:13', 13, 3, FALSE, 'TestDataLoad', '2015-04-25 13:02:03');
INSERT INTO `StTktInst` ( `opener`, `assignee`, `aff_level`, `severity`, `title`, `description`, `catg`, `life_cycl_id`, `insrt_tmst`, `expct_hours`, `last_open_time`, `logl_del`, `last_mdfd_user`, `last_mdfd_tmst` ) VALUES ( 5, 4, 3, 3, 'Title 051', 'Description 051', 43, 2, '2015-04-25 13:01:14', 9, 12, FALSE, 'TestDataLoad', '2015-04-25 13:02:05');
INSERT INTO `StTktInst` ( `opener`, `assignee`, `aff_level`, `severity`, `title`, `description`, `catg`, `life_cycl_id`, `insrt_tmst`, `expct_hours`, `last_open_time`, `logl_del`, `last_mdfd_user`, `last_mdfd_tmst` ) VALUES ( 4, 3, 3, 2, 'Title 052', 'Description 052', 11, 2, '2015-04-25 13:01:15', 1, 28, FALSE, 'TestDataLoad', '2015-04-25 13:02:07');
INSERT INTO `StTktInst` ( `opener`, `assignee`, `aff_level`, `severity`, `title`, `description`, `catg`, `life_cycl_id`, `insrt_tmst`, `expct_hours`, `last_open_time`, `logl_del`, `last_mdfd_user`, `last_mdfd_tmst` ) VALUES ( 5, 5, 2, 3, 'Title 053', 'Description 053', 24, 1, '2015-04-25 13:01:16', 34, 7, FALSE, 'TestDataLoad', '2015-04-25 13:02:09');
INSERT INTO `StTktInst` ( `opener`, `assignee`, `aff_level`, `severity`, `title`, `description`, `catg`, `life_cycl_id`, `insrt_tmst`, `expct_hours`, `last_open_time`, `logl_del`, `last_mdfd_user`, `last_mdfd_tmst` ) VALUES ( 3, 1, 3, 2, 'Title 054', 'Description 054', 8, 2, '2015-04-25 13:01:17', 30, 28, FALSE, 'TestDataLoad', '2015-04-25 13:02:11');
INSERT INTO `StTktInst` ( `opener`, `assignee`, `aff_level`, `severity`, `title`, `description`, `catg`, `life_cycl_id`, `insrt_tmst`, `expct_hours`, `last_open_time`, `logl_del`, `last_mdfd_user`, `last_mdfd_tmst` ) VALUES ( 5, 2, 2, 3, 'Title 055', 'Description 055', 9, 1, '2015-04-25 13:01:18', 2, 27, FALSE, 'TestDataLoad', '2015-04-25 13:02:13');
INSERT INTO `StTktInst` ( `opener`, `assignee`, `aff_level`, `severity`, `title`, `description`, `catg`, `life_cycl_id`, `insrt_tmst`, `expct_hours`, `last_open_time`, `logl_del`, `last_mdfd_user`, `last_mdfd_tmst` ) VALUES ( 4, 5, 3, 1, 'Title 056', 'Description 056', 17, 4, '2015-04-25 13:01:19', 5, 7, FALSE, 'TestDataLoad', '2015-04-25 13:02:15');
INSERT INTO `StTktInst` ( `opener`, `assignee`, `aff_level`, `severity`, `title`, `description`, `catg`, `life_cycl_id`, `insrt_tmst`, `expct_hours`, `last_open_time`, `logl_del`, `last_mdfd_user`, `last_mdfd_tmst` ) VALUES ( 2, 4, 1, 2, 'Title 057', 'Description 057', 5, 1, '2015-04-25 13:01:20', 15, 30, FALSE, 'TestDataLoad', '2015-04-25 13:02:17');
INSERT INTO `StTktInst` ( `opener`, `assignee`, `aff_level`, `severity`, `title`, `description`, `catg`, `life_cycl_id`, `insrt_tmst`, `expct_hours`, `last_open_time`, `logl_del`, `last_mdfd_user`, `last_mdfd_tmst` ) VALUES ( 2, 5, 2, 2, 'Title 058', 'Description 058', 12, 2, '2015-04-25 13:01:21', 31, 16, FALSE, 'TestDataLoad', '2015-04-25 13:02:19');
INSERT INTO `StTktInst` ( `opener`, `assignee`, `aff_level`, `severity`, `title`, `description`, `catg`, `life_cycl_id`, `insrt_tmst`, `expct_hours`, `last_open_time`, `logl_del`, `last_mdfd_user`, `last_mdfd_tmst` ) VALUES ( 3, 1, 1, 3, 'Title 059', 'Description 059', 1, 4, '2015-04-25 13:01:22', 23, 5, FALSE, 'TestDataLoad', '2015-04-25 13:02:21');
INSERT INTO `StTktInst` ( `opener`, `assignee`, `aff_level`, `severity`, `title`, `description`, `catg`, `life_cycl_id`, `insrt_tmst`, `expct_hours`, `last_open_time`, `logl_del`, `last_mdfd_user`, `last_mdfd_tmst` ) VALUES ( 5, 1, 2, 1, 'Title 060', 'Description 060', 47, 3, '2015-04-25 13:01:23', 39, 6, FALSE, 'TestDataLoad', '2015-04-25 13:02:23');
INSERT INTO `StTktInst` ( `opener`, `assignee`, `aff_level`, `severity`, `title`, `description`, `catg`, `life_cycl_id`, `insrt_tmst`, `expct_hours`, `last_open_time`, `logl_del`, `last_mdfd_user`, `last_mdfd_tmst` ) VALUES ( 5, 2, 1, 2, 'Title 061', 'Description 061', 21, 2, '2015-04-25 13:01:24', 23, 14, FALSE, 'TestDataLoad', '2015-04-25 13:02:25');
INSERT INTO `StTktInst` ( `opener`, `assignee`, `aff_level`, `severity`, `title`, `description`, `catg`, `life_cycl_id`, `insrt_tmst`, `expct_hours`, `last_open_time`, `logl_del`, `last_mdfd_user`, `last_mdfd_tmst` ) VALUES ( 1, 2, 2, 1, 'Title 062', 'Description 062', 41, 4, '2015-04-25 13:01:25', 37, 7, FALSE, 'TestDataLoad', '2015-04-25 13:02:27');
INSERT INTO `StTktInst` ( `opener`, `assignee`, `aff_level`, `severity`, `title`, `description`, `catg`, `life_cycl_id`, `insrt_tmst`, `expct_hours`, `last_open_time`, `logl_del`, `last_mdfd_user`, `last_mdfd_tmst` ) VALUES ( 2, 1, 1, 2, 'Title 063', 'Description 063', 38, 1, '2015-04-25 13:01:26', 21, 9, FALSE, 'TestDataLoad', '2015-04-25 13:02:29');
INSERT INTO `StTktInst` ( `opener`, `assignee`, `aff_level`, `severity`, `title`, `description`, `catg`, `life_cycl_id`, `insrt_tmst`, `expct_hours`, `last_open_time`, `logl_del`, `last_mdfd_user`, `last_mdfd_tmst` ) VALUES ( 5, 2, 3, 1, 'Title 064', 'Description 064', 31, 3, '2015-04-25 13:01:27', 33, 19, TRUE, 'TestDataLoad', '2015-04-25 13:02:31');
INSERT INTO `StTktInst` ( `opener`, `assignee`, `aff_level`, `severity`, `title`, `description`, `catg`, `life_cycl_id`, `insrt_tmst`, `expct_hours`, `last_open_time`, `logl_del`, `last_mdfd_user`, `last_mdfd_tmst` ) VALUES ( 3, 3, 2, 2, 'Title 065', 'Description 065', 33, 4, '2015-04-25 13:01:28', 32, 24, FALSE, 'TestDataLoad', '2015-04-25 13:02:33');
INSERT INTO `StTktInst` ( `opener`, `assignee`, `aff_level`, `severity`, `title`, `description`, `catg`, `life_cycl_id`, `insrt_tmst`, `expct_hours`, `last_open_time`, `logl_del`, `last_mdfd_user`, `last_mdfd_tmst` ) VALUES ( 4, 3, 2, 3, 'Title 066', 'Description 066', 45, 2, '2015-04-25 13:01:29', 17, 37, FALSE, 'TestDataLoad', '2015-04-25 13:02:35');
INSERT INTO `StTktInst` ( `opener`, `assignee`, `aff_level`, `severity`, `title`, `description`, `catg`, `life_cycl_id`, `insrt_tmst`, `expct_hours`, `last_open_time`, `logl_del`, `last_mdfd_user`, `last_mdfd_tmst` ) VALUES ( 1, 3, 3, 1, 'Title 067', 'Description 067', 22, 2, '2015-04-25 13:01:30', 31, 25, FALSE, 'TestDataLoad', '2015-04-25 13:02:37');
INSERT INTO `StTktInst` ( `opener`, `assignee`, `aff_level`, `severity`, `title`, `description`, `catg`, `life_cycl_id`, `insrt_tmst`, `expct_hours`, `last_open_time`, `logl_del`, `last_mdfd_user`, `last_mdfd_tmst` ) VALUES ( 5, 1, 3, 2, 'Title 068', 'Description 068', 39, 4, '2015-04-25 13:01:31', 36, 31, FALSE, 'TestDataLoad', '2015-04-25 13:02:39');
INSERT INTO `StTktInst` ( `opener`, `assignee`, `aff_level`, `severity`, `title`, `description`, `catg`, `life_cycl_id`, `insrt_tmst`, `expct_hours`, `last_open_time`, `logl_del`, `last_mdfd_user`, `last_mdfd_tmst` ) VALUES ( 4, 5, 3, 3, 'Title 069', 'Description 069', 33, 1, '2015-04-25 13:01:32', 12, 28, FALSE, 'TestDataLoad', '2015-04-25 13:02:41');
INSERT INTO `StTktInst` ( `opener`, `assignee`, `aff_level`, `severity`, `title`, `description`, `catg`, `life_cycl_id`, `insrt_tmst`, `expct_hours`, `last_open_time`, `logl_del`, `last_mdfd_user`, `last_mdfd_tmst` ) VALUES ( 1, 2, 1, 1, 'Title 070', 'Description 070', 8, 2, '2015-04-25 13:01:33', 22, 39, FALSE, 'TestDataLoad', '2015-04-25 13:02:43');
INSERT INTO `StTktInst` ( `opener`, `assignee`, `aff_level`, `severity`, `title`, `description`, `catg`, `life_cycl_id`, `insrt_tmst`, `expct_hours`, `last_open_time`, `logl_del`, `last_mdfd_user`, `last_mdfd_tmst` ) VALUES ( 5, 2, 1, 3, 'Title 071', 'Description 071', 33, 2, '2015-04-25 13:01:34', 12, 32, FALSE, 'TestDataLoad', '2015-04-25 13:02:45');
INSERT INTO `StTktInst` ( `opener`, `assignee`, `aff_level`, `severity`, `title`, `description`, `catg`, `life_cycl_id`, `insrt_tmst`, `expct_hours`, `last_open_time`, `logl_del`, `last_mdfd_user`, `last_mdfd_tmst` ) VALUES ( 5, 2, 3, 1, 'Title 072', 'Description 072', 12, 4, '2015-04-25 13:01:35', 12, 37, FALSE, 'TestDataLoad', '2015-04-25 13:02:47');
INSERT INTO `StTktInst` ( `opener`, `assignee`, `aff_level`, `severity`, `title`, `description`, `catg`, `life_cycl_id`, `insrt_tmst`, `expct_hours`, `last_open_time`, `logl_del`, `last_mdfd_user`, `last_mdfd_tmst` ) VALUES ( 4, 1, 1, 1, 'Title 073', 'Description 073', 18, 3, '2015-04-25 13:01:36', 37, 24, FALSE, 'TestDataLoad', '2015-04-25 13:02:49');
INSERT INTO `StTktInst` ( `opener`, `assignee`, `aff_level`, `severity`, `title`, `description`, `catg`, `life_cycl_id`, `insrt_tmst`, `expct_hours`, `last_open_time`, `logl_del`, `last_mdfd_user`, `last_mdfd_tmst` ) VALUES ( 3, 1, 3, 1, 'Title 074', 'Description 074', 21, 4, '2015-04-25 13:01:37', 24, 13, FALSE, 'TestDataLoad', '2015-04-25 13:02:51');
INSERT INTO `StTktInst` ( `opener`, `assignee`, `aff_level`, `severity`, `title`, `description`, `catg`, `life_cycl_id`, `insrt_tmst`, `expct_hours`, `last_open_time`, `logl_del`, `last_mdfd_user`, `last_mdfd_tmst` ) VALUES ( 4, 4, 2, 3, 'Title 075', 'Description 075', 39, 4, '2015-04-25 13:01:38', 26, 30, FALSE, 'TestDataLoad', '2015-04-25 13:02:53');
INSERT INTO `StTktInst` ( `opener`, `assignee`, `aff_level`, `severity`, `title`, `description`, `catg`, `life_cycl_id`, `insrt_tmst`, `expct_hours`, `last_open_time`, `logl_del`, `last_mdfd_user`, `last_mdfd_tmst` ) VALUES ( 5, 4, 2, 2, 'Title 076', 'Description 076', 6, 2, '2015-04-25 13:01:39', 25, 23, FALSE, 'TestDataLoad', '2015-04-25 13:02:55');
INSERT INTO `StTktInst` ( `opener`, `assignee`, `aff_level`, `severity`, `title`, `description`, `catg`, `life_cycl_id`, `insrt_tmst`, `expct_hours`, `last_open_time`, `logl_del`, `last_mdfd_user`, `last_mdfd_tmst` ) VALUES ( 1, 3, 1, 3, 'Title 077', 'Description 077', 11, 3, '2015-04-25 13:01:40', 24, 28, FALSE, 'TestDataLoad', '2015-04-25 13:02:57');
INSERT INTO `StTktInst` ( `opener`, `assignee`, `aff_level`, `severity`, `title`, `description`, `catg`, `life_cycl_id`, `insrt_tmst`, `expct_hours`, `last_open_time`, `logl_del`, `last_mdfd_user`, `last_mdfd_tmst` ) VALUES ( 2, 1, 1, 3, 'Title 078', 'Description 078', 36, 1, '2015-04-25 13:01:41', 31, 25, FALSE, 'TestDataLoad', '2015-04-25 13:02:59');
INSERT INTO `StTktInst` ( `opener`, `assignee`, `aff_level`, `severity`, `title`, `description`, `catg`, `life_cycl_id`, `insrt_tmst`, `expct_hours`, `last_open_time`, `logl_del`, `last_mdfd_user`, `last_mdfd_tmst` ) VALUES ( 5, 5, 2, 1, 'Title 079', 'Description 079', 46, 3, '2015-04-25 13:01:42', 14, 35, FALSE, 'TestDataLoad', '2015-04-25 13:03:01');
INSERT INTO `StTktInst` ( `opener`, `assignee`, `aff_level`, `severity`, `title`, `description`, `catg`, `life_cycl_id`, `insrt_tmst`, `expct_hours`, `last_open_time`, `logl_del`, `last_mdfd_user`, `last_mdfd_tmst` ) VALUES ( 4, 2, 2, 1, 'Title 080', 'Description 080', 43, 2, '2015-04-25 13:01:43', 37, 8, FALSE, 'TestDataLoad', '2015-04-25 13:03:03');
INSERT INTO `StTktInst` ( `opener`, `assignee`, `aff_level`, `severity`, `title`, `description`, `catg`, `life_cycl_id`, `insrt_tmst`, `expct_hours`, `last_open_time`, `logl_del`, `last_mdfd_user`, `last_mdfd_tmst` ) VALUES ( 2, 2, 2, 2, 'Title 081', 'Description 081', 35, 4, '2015-04-25 13:01:44', 29, 35, FALSE, 'TestDataLoad', '2015-04-25 13:03:05');
INSERT INTO `StTktInst` ( `opener`, `assignee`, `aff_level`, `severity`, `title`, `description`, `catg`, `life_cycl_id`, `insrt_tmst`, `expct_hours`, `last_open_time`, `logl_del`, `last_mdfd_user`, `last_mdfd_tmst` ) VALUES ( 1, 1, 2, 3, 'Title 082', 'Description 082', 2, 4, '2015-04-25 13:01:45', 37, 16, TRUE, 'TestDataLoad', '2015-04-25 13:03:07');
INSERT INTO `StTktInst` ( `opener`, `assignee`, `aff_level`, `severity`, `title`, `description`, `catg`, `life_cycl_id`, `insrt_tmst`, `expct_hours`, `last_open_time`, `logl_del`, `last_mdfd_user`, `last_mdfd_tmst` ) VALUES ( 3, 3, 1, 3, 'Title 083', 'Description 083', 39, 1, '2015-04-25 13:01:46', 22, 10, FALSE, 'TestDataLoad', '2015-04-25 13:03:09');
INSERT INTO `StTktInst` ( `opener`, `assignee`, `aff_level`, `severity`, `title`, `description`, `catg`, `life_cycl_id`, `insrt_tmst`, `expct_hours`, `last_open_time`, `logl_del`, `last_mdfd_user`, `last_mdfd_tmst` ) VALUES ( 2, 3, 1, 1, 'Title 084', 'Description 084', 13, 2, '2015-04-25 13:01:47', 8, 5, FALSE, 'TestDataLoad', '2015-04-25 13:03:11');
INSERT INTO `StTktInst` ( `opener`, `assignee`, `aff_level`, `severity`, `title`, `description`, `catg`, `life_cycl_id`, `insrt_tmst`, `expct_hours`, `last_open_time`, `logl_del`, `last_mdfd_user`, `last_mdfd_tmst` ) VALUES ( 4, 1, 3, 1, 'Title 085', 'Description 085', 21, 3, '2015-04-25 13:01:48', 17, 10, FALSE, 'TestDataLoad', '2015-04-25 13:03:13');
INSERT INTO `StTktInst` ( `opener`, `assignee`, `aff_level`, `severity`, `title`, `description`, `catg`, `life_cycl_id`, `insrt_tmst`, `expct_hours`, `last_open_time`, `logl_del`, `last_mdfd_user`, `last_mdfd_tmst` ) VALUES ( 5, 5, 3, 2, 'Title 086', 'Description 086', 43, 2, '2015-04-25 13:01:49', 35, 3, FALSE, 'TestDataLoad', '2015-04-25 13:03:15');
INSERT INTO `StTktInst` ( `opener`, `assignee`, `aff_level`, `severity`, `title`, `description`, `catg`, `life_cycl_id`, `insrt_tmst`, `expct_hours`, `last_open_time`, `logl_del`, `last_mdfd_user`, `last_mdfd_tmst` ) VALUES ( 5, 4, 3, 1, 'Title 087', 'Description 087', 41, 4, '2015-04-25 13:01:50', 6, 19, FALSE, 'TestDataLoad', '2015-04-25 13:03:17');
INSERT INTO `StTktInst` ( `opener`, `assignee`, `aff_level`, `severity`, `title`, `description`, `catg`, `life_cycl_id`, `insrt_tmst`, `expct_hours`, `last_open_time`, `logl_del`, `last_mdfd_user`, `last_mdfd_tmst` ) VALUES ( 1, 3, 1, 3, 'Title 088', 'Description 088', 41, 4, '2015-04-25 13:01:51', 33, 21, FALSE, 'TestDataLoad', '2015-04-25 13:03:19');
INSERT INTO `StTktInst` ( `opener`, `assignee`, `aff_level`, `severity`, `title`, `description`, `catg`, `life_cycl_id`, `insrt_tmst`, `expct_hours`, `last_open_time`, `logl_del`, `last_mdfd_user`, `last_mdfd_tmst` ) VALUES ( 1, 1, 1, 2, 'Title 089', 'Description 089', 6, 3, '2015-04-25 13:01:52', 11, 16, FALSE, 'TestDataLoad', '2015-04-25 13:03:21');
INSERT INTO `StTktInst` ( `opener`, `assignee`, `aff_level`, `severity`, `title`, `description`, `catg`, `life_cycl_id`, `insrt_tmst`, `expct_hours`, `last_open_time`, `logl_del`, `last_mdfd_user`, `last_mdfd_tmst` ) VALUES ( 3, 4, 2, 1, 'Title 090', 'Description 090', 36, 3, '2015-04-25 13:01:53', 29, 39, FALSE, 'TestDataLoad', '2015-04-25 13:03:23');
INSERT INTO `StTktInst` ( `opener`, `assignee`, `aff_level`, `severity`, `title`, `description`, `catg`, `life_cycl_id`, `insrt_tmst`, `expct_hours`, `last_open_time`, `logl_del`, `last_mdfd_user`, `last_mdfd_tmst` ) VALUES ( 3, 1, 1, 2, 'Title 091', 'Description 091', 33, 1, '2015-04-25 13:01:54', 18, 23, FALSE, 'TestDataLoad', '2015-04-25 13:03:25');
INSERT INTO `StTktInst` ( `opener`, `assignee`, `aff_level`, `severity`, `title`, `description`, `catg`, `life_cycl_id`, `insrt_tmst`, `expct_hours`, `last_open_time`, `logl_del`, `last_mdfd_user`, `last_mdfd_tmst` ) VALUES ( 2, 5, 3, 3, 'Title 092', 'Description 092', 32, 1, '2015-04-25 13:01:55', 30, 36, FALSE, 'TestDataLoad', '2015-04-25 13:03:27');
INSERT INTO `StTktInst` ( `opener`, `assignee`, `aff_level`, `severity`, `title`, `description`, `catg`, `life_cycl_id`, `insrt_tmst`, `expct_hours`, `last_open_time`, `logl_del`, `last_mdfd_user`, `last_mdfd_tmst` ) VALUES ( 4, 4, 2, 2, 'Title 093', 'Description 093', 28, 4, '2015-04-25 13:01:56', 26, 37, FALSE, 'TestDataLoad', '2015-04-25 13:03:29');
INSERT INTO `StTktInst` ( `opener`, `assignee`, `aff_level`, `severity`, `title`, `description`, `catg`, `life_cycl_id`, `insrt_tmst`, `expct_hours`, `last_open_time`, `logl_del`, `last_mdfd_user`, `last_mdfd_tmst` ) VALUES ( 1, 5, 2, 2, 'Title 094', 'Description 094', 22, 2, '2015-04-25 13:01:57', 25, 22, FALSE, 'TestDataLoad', '2015-04-25 13:03:31');
INSERT INTO `StTktInst` ( `opener`, `assignee`, `aff_level`, `severity`, `title`, `description`, `catg`, `life_cycl_id`, `insrt_tmst`, `expct_hours`, `last_open_time`, `logl_del`, `last_mdfd_user`, `last_mdfd_tmst` ) VALUES ( 4, 2, 3, 1, 'Title 095', 'Description 095', 32, 2, '2015-04-25 13:01:58', 0, 13, FALSE, 'TestDataLoad', '2015-04-25 13:03:33');
INSERT INTO `StTktInst` ( `opener`, `assignee`, `aff_level`, `severity`, `title`, `description`, `catg`, `life_cycl_id`, `insrt_tmst`, `expct_hours`, `last_open_time`, `logl_del`, `last_mdfd_user`, `last_mdfd_tmst` ) VALUES ( 5, 2, 2, 2, 'Title 096', 'Description 096', 1, 1, '2015-04-25 13:01:59', 37, 8, FALSE, 'TestDataLoad', '2015-04-25 13:03:35');
INSERT INTO `StTktInst` ( `opener`, `assignee`, `aff_level`, `severity`, `title`, `description`, `catg`, `life_cycl_id`, `insrt_tmst`, `expct_hours`, `last_open_time`, `logl_del`, `last_mdfd_user`, `last_mdfd_tmst` ) VALUES ( 3, 4, 2, 3, 'Title 097', 'Description 097', 23, 1, '2015-04-25 13:02:00', 17, 26, FALSE, 'TestDataLoad', '2015-04-25 13:03:37');
INSERT INTO `StTktInst` ( `opener`, `assignee`, `aff_level`, `severity`, `title`, `description`, `catg`, `life_cycl_id`, `insrt_tmst`, `expct_hours`, `last_open_time`, `logl_del`, `last_mdfd_user`, `last_mdfd_tmst` ) VALUES ( 5, 5, 3, 2, 'Title 098', 'Description 098', 12, 4, '2015-04-25 13:02:01', 1, 18, FALSE, 'TestDataLoad', '2015-04-25 13:03:39');
INSERT INTO `StTktInst` ( `opener`, `assignee`, `aff_level`, `severity`, `title`, `description`, `catg`, `life_cycl_id`, `insrt_tmst`, `expct_hours`, `last_open_time`, `logl_del`, `last_mdfd_user`, `last_mdfd_tmst` ) VALUES ( 4, 5, 1, 1, 'Title 099', 'Description 099', 37, 1, '2015-04-25 13:02:02', 17, 0, FALSE, 'TestDataLoad', '2015-04-25 13:03:41');

--
-- Software
--
INSERT INTO `StSftInst` ( `name`, `logl_del`, `last_mdfd_user`, `last_mdfd_tmst` ) VALUES ( "Microsoft Windows"              , FALSE, 'TestDataLoad', '2001-01-01 00:00:00' );
INSERT INTO `StSftInst` ( `name`, `logl_del`, `last_mdfd_user`, `last_mdfd_tmst` ) VALUES ( "Microsoft Office"               , FALSE, 'TestDataLoad', '2001-01-01 00:00:00' );
INSERT INTO `StSftInst` ( `name`, `logl_del`, `last_mdfd_user`, `last_mdfd_tmst` ) VALUES ( "Linux"                          , FALSE, 'TestDataLoad', '2001-01-01 00:00:00' );
INSERT INTO `StSftInst` ( `name`, `logl_del`, `last_mdfd_user`, `last_mdfd_tmst` ) VALUES ( "MySQL"                          , FALSE, 'TestDataLoad', '2001-01-01 00:00:00' );
INSERT INTO `StSftInst` ( `name`, `logl_del`, `last_mdfd_user`, `last_mdfd_tmst` ) VALUES ( "Adobe Photoshop"                , FALSE, 'TestDataLoad', '2001-01-01 00:00:00' );
INSERT INTO `StSftInst` ( `name`, `logl_del`, `last_mdfd_user`, `last_mdfd_tmst` ) VALUES ( "Microsoft Visual Studio 2003"   , FALSE, 'TestDataLoad', '2001-01-01 00:00:00' );
INSERT INTO `StSftInst` ( `name`, `logl_del`, `last_mdfd_user`, `last_mdfd_tmst` ) VALUES ( "EditPlus2"                      , FALSE, 'TestDataLoad', '2001-01-01 00:00:00' );
INSERT INTO `StSftInst` ( `name`, `logl_del`, `last_mdfd_user`, `last_mdfd_tmst` ) VALUES ( "Putty"                          , FALSE, 'TestDataLoad', '2001-01-01 00:00:00' );
INSERT INTO `StSftInst` ( `name`, `logl_del`, `last_mdfd_user`, `last_mdfd_tmst` ) VALUES ( "Google Chrome"                  , FALSE, 'TestDataLoad', '2001-01-01 00:00:00' );
INSERT INTO `StSftInst` ( `name`, `logl_del`, `last_mdfd_user`, `last_mdfd_tmst` ) VALUES ( "Internet Explorer"              , FALSE, 'TestDataLoad', '2001-01-01 00:00:00' );
INSERT INTO `StSftInst` ( `name`, `logl_del`, `last_mdfd_user`, `last_mdfd_tmst` ) VALUES ( "Mozilla FireFox"                , FALSE, 'TestDataLoad', '2001-01-01 00:00:00' );
INSERT INTO `StSftInst` ( `name`, `logl_del`, `last_mdfd_user`, `last_mdfd_tmst` ) VALUES ( "Notepad"                        , FALSE, 'TestDataLoad', '2001-01-01 00:00:00' );
INSERT INTO `StSftInst` ( `name`, `logl_del`, `last_mdfd_user`, `last_mdfd_tmst` ) VALUES ( "Skype"                          , FALSE, 'TestDataLoad', '2001-01-01 00:00:00' );
INSERT INTO `StSftInst` ( `name`, `logl_del`, `last_mdfd_user`, `last_mdfd_tmst` ) VALUES ( "Wordpad"                        , FALSE, 'TestDataLoad', '2001-01-01 00:00:00' );
INSERT INTO `StSftInst` ( `name`, `logl_del`, `last_mdfd_user`, `last_mdfd_tmst` ) VALUES ( "Calculator"                     , FALSE, 'TestDataLoad', '2001-01-01 00:00:00' );
INSERT INTO `StSftInst` ( `name`, `logl_del`, `last_mdfd_user`, `last_mdfd_tmst` ) VALUES ( "uTorrent"                       , FALSE, 'TestDataLoad', '2001-01-01 00:00:00' );
INSERT INTO `StSftInst` ( `name`, `logl_del`, `last_mdfd_user`, `last_mdfd_tmst` ) VALUES ( "Java"                           , FALSE, 'TestDataLoad', '2001-01-01 00:00:00' );
INSERT INTO `StSftInst` ( `name`, `logl_del`, `last_mdfd_user`, `last_mdfd_tmst` ) VALUES ( "Python 2.6.6"                   , FALSE, 'TestDataLoad', '2001-01-01 00:00:00' );
INSERT INTO `StSftInst` ( `name`, `logl_del`, `last_mdfd_user`, `last_mdfd_tmst` ) VALUES ( "WinRAR"                         , FALSE, 'TestDataLoad', '2001-01-01 00:00:00' );
INSERT INTO `StSftInst` ( `name`, `logl_del`, `last_mdfd_user`, `last_mdfd_tmst` ) VALUES ( "XAMPP"                          , FALSE, 'TestDataLoad', '2001-01-01 00:00:00' );

-- 
-- Hardware
-- 
INSERT INTO `StEqpInst` ( `name`, `vendor`, `model`, `serial`, `type`, `loc`, `status`, `logl_del`, `last_mdfd_user`, `last_mdfd_tmst` ) VALUES ( 'Hardware 000', 'Vendor 000', 'Model 000', 'Title 000', 'Type 000', '000', 'CHOT', FALSE, 'TestDataLoad', '2015-04-25 12:28:00' );
INSERT INTO `StEqpInst` ( `name`, `vendor`, `model`, `serial`, `type`, `loc`, `status`, `logl_del`, `last_mdfd_user`, `last_mdfd_tmst` ) VALUES ( 'Hardware 001', 'Vendor 001', 'Model 001', 'Title 001', 'Type 001', '001', 'BRKN', FALSE, 'TestDataLoad', '2015-04-25 12:28:02' );
INSERT INTO `StEqpInst` ( `name`, `vendor`, `model`, `serial`, `type`, `loc`, `status`, `logl_del`, `last_mdfd_user`, `last_mdfd_tmst` ) VALUES ( 'Hardware 002', 'Vendor 002', 'Model 002', 'Title 002', 'Type 002', '002', 'BRKN', FALSE, 'TestDataLoad', '2015-04-25 12:28:04' );
INSERT INTO `StEqpInst` ( `name`, `vendor`, `model`, `serial`, `type`, `loc`, `status`, `logl_del`, `last_mdfd_user`, `last_mdfd_tmst` ) VALUES ( 'Hardware 003', 'Vendor 003', 'Model 003', 'Title 003', 'Type 003', '003', 'BRKN', FALSE, 'TestDataLoad', '2015-04-25 12:28:06' );
INSERT INTO `StEqpInst` ( `name`, `vendor`, `model`, `serial`, `type`, `loc`, `status`, `logl_del`, `last_mdfd_user`, `last_mdfd_tmst` ) VALUES ( 'Hardware 004', 'Vendor 004', 'Model 004', 'Title 004', 'Type 004', '004', 'CHOT', FALSE, 'TestDataLoad', '2015-04-25 12:28:08' );
INSERT INTO `StEqpInst` ( `name`, `vendor`, `model`, `serial`, `type`, `loc`, `status`, `logl_del`, `last_mdfd_user`, `last_mdfd_tmst` ) VALUES ( 'Hardware 005', 'Vendor 005', 'Model 005', 'Title 005', 'Type 005', '005', 'BRKN', FALSE, 'TestDataLoad', '2015-04-25 12:28:10' );
INSERT INTO `StEqpInst` ( `name`, `vendor`, `model`, `serial`, `type`, `loc`, `status`, `logl_del`, `last_mdfd_user`, `last_mdfd_tmst` ) VALUES ( 'Hardware 006', 'Vendor 006', 'Model 006', 'Title 006', 'Type 006', '006', 'CHIN', FALSE, 'TestDataLoad', '2015-04-25 12:28:12' );
INSERT INTO `StEqpInst` ( `name`, `vendor`, `model`, `serial`, `type`, `loc`, `status`, `logl_del`, `last_mdfd_user`, `last_mdfd_tmst` ) VALUES ( 'Hardware 007', 'Vendor 007', 'Model 007', 'Title 007', 'Type 007', '007', 'CHOT', FALSE, 'TestDataLoad', '2015-04-25 12:28:14' );
INSERT INTO `StEqpInst` ( `name`, `vendor`, `model`, `serial`, `type`, `loc`, `status`, `logl_del`, `last_mdfd_user`, `last_mdfd_tmst` ) VALUES ( 'Hardware 008', 'Vendor 008', 'Model 008', 'Title 008', 'Type 008', '008', 'CHIN',  TRUE, 'TestDataLoad', '2015-04-25 12:28:16' );
INSERT INTO `StEqpInst` ( `name`, `vendor`, `model`, `serial`, `type`, `loc`, `status`, `logl_del`, `last_mdfd_user`, `last_mdfd_tmst` ) VALUES ( 'Hardware 009', 'Vendor 009', 'Model 009', 'Title 009', 'Type 009', '009', 'CHIN', FALSE, 'TestDataLoad', '2015-04-25 12:28:18' );
INSERT INTO `StEqpInst` ( `name`, `vendor`, `model`, `serial`, `type`, `loc`, `status`, `logl_del`, `last_mdfd_user`, `last_mdfd_tmst` ) VALUES ( 'Hardware 010', 'Vendor 010', 'Model 010', 'Title 010', 'Type 010', '010', 'BRKN', FALSE, 'TestDataLoad', '2015-04-25 12:28:20' );
INSERT INTO `StEqpInst` ( `name`, `vendor`, `model`, `serial`, `type`, `loc`, `status`, `logl_del`, `last_mdfd_user`, `last_mdfd_tmst` ) VALUES ( 'Hardware 011', 'Vendor 011', 'Model 011', 'Title 011', 'Type 011', '011', 'CHIN', FALSE, 'TestDataLoad', '2015-04-25 12:28:22' );
INSERT INTO `StEqpInst` ( `name`, `vendor`, `model`, `serial`, `type`, `loc`, `status`, `logl_del`, `last_mdfd_user`, `last_mdfd_tmst` ) VALUES ( 'Hardware 012', 'Vendor 012', 'Model 012', 'Title 012', 'Type 012', '012', 'CHIN', FALSE, 'TestDataLoad', '2015-04-25 12:28:24' );
INSERT INTO `StEqpInst` ( `name`, `vendor`, `model`, `serial`, `type`, `loc`, `status`, `logl_del`, `last_mdfd_user`, `last_mdfd_tmst` ) VALUES ( 'Hardware 013', 'Vendor 013', 'Model 013', 'Title 013', 'Type 013', '013', 'CHIN', FALSE, 'TestDataLoad', '2015-04-25 12:28:26' );
INSERT INTO `StEqpInst` ( `name`, `vendor`, `model`, `serial`, `type`, `loc`, `status`, `logl_del`, `last_mdfd_user`, `last_mdfd_tmst` ) VALUES ( 'Hardware 014', 'Vendor 014', 'Model 014', 'Title 014', 'Type 014', '014', 'CHIN', FALSE, 'TestDataLoad', '2015-04-25 12:28:28' );
INSERT INTO `StEqpInst` ( `name`, `vendor`, `model`, `serial`, `type`, `loc`, `status`, `logl_del`, `last_mdfd_user`, `last_mdfd_tmst` ) VALUES ( 'Hardware 015', 'Vendor 015', 'Model 015', 'Title 015', 'Type 015', '015', 'BRKN', FALSE, 'TestDataLoad', '2015-04-25 12:28:30' );
INSERT INTO `StEqpInst` ( `name`, `vendor`, `model`, `serial`, `type`, `loc`, `status`, `logl_del`, `last_mdfd_user`, `last_mdfd_tmst` ) VALUES ( 'Hardware 016', 'Vendor 016', 'Model 016', 'Title 016', 'Type 016', '016', 'CHOT', FALSE, 'TestDataLoad', '2015-04-25 12:28:32' );
INSERT INTO `StEqpInst` ( `name`, `vendor`, `model`, `serial`, `type`, `loc`, `status`, `logl_del`, `last_mdfd_user`, `last_mdfd_tmst` ) VALUES ( 'Hardware 017', 'Vendor 017', 'Model 017', 'Title 017', 'Type 017', '017', 'CHIN', FALSE, 'TestDataLoad', '2015-04-25 12:28:34' );
INSERT INTO `StEqpInst` ( `name`, `vendor`, `model`, `serial`, `type`, `loc`, `status`, `logl_del`, `last_mdfd_user`, `last_mdfd_tmst` ) VALUES ( 'Hardware 018', 'Vendor 018', 'Model 018', 'Title 018', 'Type 018', '018', 'BRKN', FALSE, 'TestDataLoad', '2015-04-25 12:28:36' );
INSERT INTO `StEqpInst` ( `name`, `vendor`, `model`, `serial`, `type`, `loc`, `status`, `logl_del`, `last_mdfd_user`, `last_mdfd_tmst` ) VALUES ( 'Hardware 019', 'Vendor 019', 'Model 019', 'Title 019', 'Type 019', '019', 'CHOT', FALSE, 'TestDataLoad', '2015-04-25 12:28:38' );
INSERT INTO `StEqpInst` ( `name`, `vendor`, `model`, `serial`, `type`, `loc`, `status`, `logl_del`, `last_mdfd_user`, `last_mdfd_tmst` ) VALUES ( 'Hardware 020', 'Vendor 020', 'Model 020', 'Title 020', 'Type 020', '020', 'CHOT', FALSE, 'TestDataLoad', '2015-04-25 12:28:40' );
INSERT INTO `StEqpInst` ( `name`, `vendor`, `model`, `serial`, `type`, `loc`, `status`, `logl_del`, `last_mdfd_user`, `last_mdfd_tmst` ) VALUES ( 'Hardware 021', 'Vendor 021', 'Model 021', 'Title 021', 'Type 021', '021', 'CHOT', FALSE, 'TestDataLoad', '2015-04-25 12:28:42' );
INSERT INTO `StEqpInst` ( `name`, `vendor`, `model`, `serial`, `type`, `loc`, `status`, `logl_del`, `last_mdfd_user`, `last_mdfd_tmst` ) VALUES ( 'Hardware 022', 'Vendor 022', 'Model 022', 'Title 022', 'Type 022', '022', 'BRKN', FALSE, 'TestDataLoad', '2015-04-25 12:28:44' );
INSERT INTO `StEqpInst` ( `name`, `vendor`, `model`, `serial`, `type`, `loc`, `status`, `logl_del`, `last_mdfd_user`, `last_mdfd_tmst` ) VALUES ( 'Hardware 023', 'Vendor 023', 'Model 023', 'Title 023', 'Type 023', '023', 'BRKN', FALSE, 'TestDataLoad', '2015-04-25 12:28:46' );
INSERT INTO `StEqpInst` ( `name`, `vendor`, `model`, `serial`, `type`, `loc`, `status`, `logl_del`, `last_mdfd_user`, `last_mdfd_tmst` ) VALUES ( 'Hardware 024', 'Vendor 024', 'Model 024', 'Title 024', 'Type 024', '024', 'CHOT', FALSE, 'TestDataLoad', '2015-04-25 12:28:48' );
INSERT INTO `StEqpInst` ( `name`, `vendor`, `model`, `serial`, `type`, `loc`, `status`, `logl_del`, `last_mdfd_user`, `last_mdfd_tmst` ) VALUES ( 'Hardware 025', 'Vendor 025', 'Model 025', 'Title 025', 'Type 025', '025', 'CHOT', FALSE, 'TestDataLoad', '2015-04-25 12:28:50' );
INSERT INTO `StEqpInst` ( `name`, `vendor`, `model`, `serial`, `type`, `loc`, `status`, `logl_del`, `last_mdfd_user`, `last_mdfd_tmst` ) VALUES ( 'Hardware 026', 'Vendor 026', 'Model 026', 'Title 026', 'Type 026', '026', 'BRKN', FALSE, 'TestDataLoad', '2015-04-25 12:28:52' );
INSERT INTO `StEqpInst` ( `name`, `vendor`, `model`, `serial`, `type`, `loc`, `status`, `logl_del`, `last_mdfd_user`, `last_mdfd_tmst` ) VALUES ( 'Hardware 027', 'Vendor 027', 'Model 027', 'Title 027', 'Type 027', '027', 'BRKN', FALSE, 'TestDataLoad', '2015-04-25 12:28:54' );
INSERT INTO `StEqpInst` ( `name`, `vendor`, `model`, `serial`, `type`, `loc`, `status`, `logl_del`, `last_mdfd_user`, `last_mdfd_tmst` ) VALUES ( 'Hardware 028', 'Vendor 028', 'Model 028', 'Title 028', 'Type 028', '028', 'BRKN', FALSE, 'TestDataLoad', '2015-04-25 12:28:56' );
INSERT INTO `StEqpInst` ( `name`, `vendor`, `model`, `serial`, `type`, `loc`, `status`, `logl_del`, `last_mdfd_user`, `last_mdfd_tmst` ) VALUES ( 'Hardware 029', 'Vendor 029', 'Model 029', 'Title 029', 'Type 029', '029', 'BRKN', FALSE, 'TestDataLoad', '2015-04-25 12:28:58' );
INSERT INTO `StEqpInst` ( `name`, `vendor`, `model`, `serial`, `type`, `loc`, `status`, `logl_del`, `last_mdfd_user`, `last_mdfd_tmst` ) VALUES ( 'Hardware 030', 'Vendor 030', 'Model 030', 'Title 030', 'Type 030', '030', 'CHIN', FALSE, 'TestDataLoad', '2015-04-25 12:29:00' );
INSERT INTO `StEqpInst` ( `name`, `vendor`, `model`, `serial`, `type`, `loc`, `status`, `logl_del`, `last_mdfd_user`, `last_mdfd_tmst` ) VALUES ( 'Hardware 031', 'Vendor 031', 'Model 031', 'Title 031', 'Type 031', '031', 'BRKN', FALSE, 'TestDataLoad', '2015-04-25 12:29:02' );
INSERT INTO `StEqpInst` ( `name`, `vendor`, `model`, `serial`, `type`, `loc`, `status`, `logl_del`, `last_mdfd_user`, `last_mdfd_tmst` ) VALUES ( 'Hardware 032', 'Vendor 032', 'Model 032', 'Title 032', 'Type 032', '032', 'CHOT', FALSE, 'TestDataLoad', '2015-04-25 12:29:04' );
INSERT INTO `StEqpInst` ( `name`, `vendor`, `model`, `serial`, `type`, `loc`, `status`, `logl_del`, `last_mdfd_user`, `last_mdfd_tmst` ) VALUES ( 'Hardware 033', 'Vendor 033', 'Model 033', 'Title 033', 'Type 033', '033', 'CHOT', FALSE, 'TestDataLoad', '2015-04-25 12:29:06' );
INSERT INTO `StEqpInst` ( `name`, `vendor`, `model`, `serial`, `type`, `loc`, `status`, `logl_del`, `last_mdfd_user`, `last_mdfd_tmst` ) VALUES ( 'Hardware 034', 'Vendor 034', 'Model 034', 'Title 034', 'Type 034', '034', 'BRKN', FALSE, 'TestDataLoad', '2015-04-25 12:29:08' );
INSERT INTO `StEqpInst` ( `name`, `vendor`, `model`, `serial`, `type`, `loc`, `status`, `logl_del`, `last_mdfd_user`, `last_mdfd_tmst` ) VALUES ( 'Hardware 035', 'Vendor 035', 'Model 035', 'Title 035', 'Type 035', '035', 'CHIN', FALSE, 'TestDataLoad', '2015-04-25 12:29:10' );
INSERT INTO `StEqpInst` ( `name`, `vendor`, `model`, `serial`, `type`, `loc`, `status`, `logl_del`, `last_mdfd_user`, `last_mdfd_tmst` ) VALUES ( 'Hardware 036', 'Vendor 036', 'Model 036', 'Title 036', 'Type 036', '036', 'CHIN', FALSE, 'TestDataLoad', '2015-04-25 12:29:12' );
INSERT INTO `StEqpInst` ( `name`, `vendor`, `model`, `serial`, `type`, `loc`, `status`, `logl_del`, `last_mdfd_user`, `last_mdfd_tmst` ) VALUES ( 'Hardware 037', 'Vendor 037', 'Model 037', 'Title 037', 'Type 037', '037', 'CHOT', FALSE, 'TestDataLoad', '2015-04-25 12:29:14' );
INSERT INTO `StEqpInst` ( `name`, `vendor`, `model`, `serial`, `type`, `loc`, `status`, `logl_del`, `last_mdfd_user`, `last_mdfd_tmst` ) VALUES ( 'Hardware 038', 'Vendor 038', 'Model 038', 'Title 038', 'Type 038', '038', 'CHIN', FALSE, 'TestDataLoad', '2015-04-25 12:29:16' );
INSERT INTO `StEqpInst` ( `name`, `vendor`, `model`, `serial`, `type`, `loc`, `status`, `logl_del`, `last_mdfd_user`, `last_mdfd_tmst` ) VALUES ( 'Hardware 039', 'Vendor 039', 'Model 039', 'Title 039', 'Type 039', '039', 'CHIN', FALSE, 'TestDataLoad', '2015-04-25 12:29:18' );
INSERT INTO `StEqpInst` ( `name`, `vendor`, `model`, `serial`, `type`, `loc`, `status`, `logl_del`, `last_mdfd_user`, `last_mdfd_tmst` ) VALUES ( 'Hardware 040', 'Vendor 040', 'Model 040', 'Title 040', 'Type 040', '040', 'CHIN', FALSE, 'TestDataLoad', '2015-04-25 12:29:20' );
INSERT INTO `StEqpInst` ( `name`, `vendor`, `model`, `serial`, `type`, `loc`, `status`, `logl_del`, `last_mdfd_user`, `last_mdfd_tmst` ) VALUES ( 'Hardware 041', 'Vendor 041', 'Model 041', 'Title 041', 'Type 041', '041', 'CHIN', FALSE, 'TestDataLoad', '2015-04-25 12:29:22' );
INSERT INTO `StEqpInst` ( `name`, `vendor`, `model`, `serial`, `type`, `loc`, `status`, `logl_del`, `last_mdfd_user`, `last_mdfd_tmst` ) VALUES ( 'Hardware 042', 'Vendor 042', 'Model 042', 'Title 042', 'Type 042', '042', 'CHOT', FALSE, 'TestDataLoad', '2015-04-25 12:29:24' );
INSERT INTO `StEqpInst` ( `name`, `vendor`, `model`, `serial`, `type`, `loc`, `status`, `logl_del`, `last_mdfd_user`, `last_mdfd_tmst` ) VALUES ( 'Hardware 043', 'Vendor 043', 'Model 043', 'Title 043', 'Type 043', '043', 'CHIN', FALSE, 'TestDataLoad', '2015-04-25 12:29:26' );
INSERT INTO `StEqpInst` ( `name`, `vendor`, `model`, `serial`, `type`, `loc`, `status`, `logl_del`, `last_mdfd_user`, `last_mdfd_tmst` ) VALUES ( 'Hardware 044', 'Vendor 044', 'Model 044', 'Title 044', 'Type 044', '044', 'CHOT', FALSE, 'TestDataLoad', '2015-04-25 12:29:28' );
INSERT INTO `StEqpInst` ( `name`, `vendor`, `model`, `serial`, `type`, `loc`, `status`, `logl_del`, `last_mdfd_user`, `last_mdfd_tmst` ) VALUES ( 'Hardware 045', 'Vendor 045', 'Model 045', 'Title 045', 'Type 045', '045', 'CHIN', FALSE, 'TestDataLoad', '2015-04-25 12:29:30' );
INSERT INTO `StEqpInst` ( `name`, `vendor`, `model`, `serial`, `type`, `loc`, `status`, `logl_del`, `last_mdfd_user`, `last_mdfd_tmst` ) VALUES ( 'Hardware 046', 'Vendor 046', 'Model 046', 'Title 046', 'Type 046', '046', 'CHIN', FALSE, 'TestDataLoad', '2015-04-25 12:29:32' );
INSERT INTO `StEqpInst` ( `name`, `vendor`, `model`, `serial`, `type`, `loc`, `status`, `logl_del`, `last_mdfd_user`, `last_mdfd_tmst` ) VALUES ( 'Hardware 047', 'Vendor 047', 'Model 047', 'Title 047', 'Type 047', '047', 'CHOT', FALSE, 'TestDataLoad', '2015-04-25 12:29:34' );
INSERT INTO `StEqpInst` ( `name`, `vendor`, `model`, `serial`, `type`, `loc`, `status`, `logl_del`, `last_mdfd_user`, `last_mdfd_tmst` ) VALUES ( 'Hardware 048', 'Vendor 048', 'Model 048', 'Title 048', 'Type 048', '048', 'CHOT',  TRUE, 'TestDataLoad', '2015-04-25 12:29:36' );
INSERT INTO `StEqpInst` ( `name`, `vendor`, `model`, `serial`, `type`, `loc`, `status`, `logl_del`, `last_mdfd_user`, `last_mdfd_tmst` ) VALUES ( 'Hardware 049', 'Vendor 049', 'Model 049', 'Title 049', 'Type 049', '049', 'CHIN', FALSE, 'TestDataLoad', '2015-04-25 12:29:38' );
INSERT INTO `StEqpInst` ( `name`, `vendor`, `model`, `serial`, `type`, `loc`, `status`, `logl_del`, `last_mdfd_user`, `last_mdfd_tmst` ) VALUES ( 'Hardware 050', 'Vendor 050', 'Model 050', 'Title 050', 'Type 050', '050', 'CHOT', FALSE, 'TestDataLoad', '2015-04-25 12:29:40' );
INSERT INTO `StEqpInst` ( `name`, `vendor`, `model`, `serial`, `type`, `loc`, `status`, `logl_del`, `last_mdfd_user`, `last_mdfd_tmst` ) VALUES ( 'Hardware 051', 'Vendor 051', 'Model 051', 'Title 051', 'Type 051', '051', 'BRKN', FALSE, 'TestDataLoad', '2015-04-25 12:29:42' );
INSERT INTO `StEqpInst` ( `name`, `vendor`, `model`, `serial`, `type`, `loc`, `status`, `logl_del`, `last_mdfd_user`, `last_mdfd_tmst` ) VALUES ( 'Hardware 052', 'Vendor 052', 'Model 052', 'Title 052', 'Type 052', '052', 'BRKN', FALSE, 'TestDataLoad', '2015-04-25 12:29:44' );
INSERT INTO `StEqpInst` ( `name`, `vendor`, `model`, `serial`, `type`, `loc`, `status`, `logl_del`, `last_mdfd_user`, `last_mdfd_tmst` ) VALUES ( 'Hardware 053', 'Vendor 053', 'Model 053', 'Title 053', 'Type 053', '053', 'CHIN', FALSE, 'TestDataLoad', '2015-04-25 12:29:46' );
INSERT INTO `StEqpInst` ( `name`, `vendor`, `model`, `serial`, `type`, `loc`, `status`, `logl_del`, `last_mdfd_user`, `last_mdfd_tmst` ) VALUES ( 'Hardware 054', 'Vendor 054', 'Model 054', 'Title 054', 'Type 054', '054', 'CHIN', FALSE, 'TestDataLoad', '2015-04-25 12:29:48' );
INSERT INTO `StEqpInst` ( `name`, `vendor`, `model`, `serial`, `type`, `loc`, `status`, `logl_del`, `last_mdfd_user`, `last_mdfd_tmst` ) VALUES ( 'Hardware 055', 'Vendor 055', 'Model 055', 'Title 055', 'Type 055', '055', 'BRKN', FALSE, 'TestDataLoad', '2015-04-25 12:29:50' );
INSERT INTO `StEqpInst` ( `name`, `vendor`, `model`, `serial`, `type`, `loc`, `status`, `logl_del`, `last_mdfd_user`, `last_mdfd_tmst` ) VALUES ( 'Hardware 056', 'Vendor 056', 'Model 056', 'Title 056', 'Type 056', '056', 'CHIN', FALSE, 'TestDataLoad', '2015-04-25 12:29:52' );
INSERT INTO `StEqpInst` ( `name`, `vendor`, `model`, `serial`, `type`, `loc`, `status`, `logl_del`, `last_mdfd_user`, `last_mdfd_tmst` ) VALUES ( 'Hardware 057', 'Vendor 057', 'Model 057', 'Title 057', 'Type 057', '057', 'BRKN', FALSE, 'TestDataLoad', '2015-04-25 12:29:54' );
INSERT INTO `StEqpInst` ( `name`, `vendor`, `model`, `serial`, `type`, `loc`, `status`, `logl_del`, `last_mdfd_user`, `last_mdfd_tmst` ) VALUES ( 'Hardware 058', 'Vendor 058', 'Model 058', 'Title 058', 'Type 058', '058', 'CHIN', FALSE, 'TestDataLoad', '2015-04-25 12:29:56' );
INSERT INTO `StEqpInst` ( `name`, `vendor`, `model`, `serial`, `type`, `loc`, `status`, `logl_del`, `last_mdfd_user`, `last_mdfd_tmst` ) VALUES ( 'Hardware 059', 'Vendor 059', 'Model 059', 'Title 059', 'Type 059', '059', 'CHIN', FALSE, 'TestDataLoad', '2015-04-25 12:29:58' );
INSERT INTO `StEqpInst` ( `name`, `vendor`, `model`, `serial`, `type`, `loc`, `status`, `logl_del`, `last_mdfd_user`, `last_mdfd_tmst` ) VALUES ( 'Hardware 060', 'Vendor 060', 'Model 060', 'Title 060', 'Type 060', '060', 'CHOT', FALSE, 'TestDataLoad', '2015-04-25 12:30:00' );
INSERT INTO `StEqpInst` ( `name`, `vendor`, `model`, `serial`, `type`, `loc`, `status`, `logl_del`, `last_mdfd_user`, `last_mdfd_tmst` ) VALUES ( 'Hardware 061', 'Vendor 061', 'Model 061', 'Title 061', 'Type 061', '061', 'CHOT', FALSE, 'TestDataLoad', '2015-04-25 12:30:02' );
INSERT INTO `StEqpInst` ( `name`, `vendor`, `model`, `serial`, `type`, `loc`, `status`, `logl_del`, `last_mdfd_user`, `last_mdfd_tmst` ) VALUES ( 'Hardware 062', 'Vendor 062', 'Model 062', 'Title 062', 'Type 062', '062', 'CHOT', FALSE, 'TestDataLoad', '2015-04-25 12:30:04' );
INSERT INTO `StEqpInst` ( `name`, `vendor`, `model`, `serial`, `type`, `loc`, `status`, `logl_del`, `last_mdfd_user`, `last_mdfd_tmst` ) VALUES ( 'Hardware 063', 'Vendor 063', 'Model 063', 'Title 063', 'Type 063', '063', 'CHOT', FALSE, 'TestDataLoad', '2015-04-25 12:30:06' );
INSERT INTO `StEqpInst` ( `name`, `vendor`, `model`, `serial`, `type`, `loc`, `status`, `logl_del`, `last_mdfd_user`, `last_mdfd_tmst` ) VALUES ( 'Hardware 064', 'Vendor 064', 'Model 064', 'Title 064', 'Type 064', '064', 'CHOT', FALSE, 'TestDataLoad', '2015-04-25 12:30:08' );
INSERT INTO `StEqpInst` ( `name`, `vendor`, `model`, `serial`, `type`, `loc`, `status`, `logl_del`, `last_mdfd_user`, `last_mdfd_tmst` ) VALUES ( 'Hardware 065', 'Vendor 065', 'Model 065', 'Title 065', 'Type 065', '065', 'BRKN', FALSE, 'TestDataLoad', '2015-04-25 12:30:10' );
INSERT INTO `StEqpInst` ( `name`, `vendor`, `model`, `serial`, `type`, `loc`, `status`, `logl_del`, `last_mdfd_user`, `last_mdfd_tmst` ) VALUES ( 'Hardware 066', 'Vendor 066', 'Model 066', 'Title 066', 'Type 066', '066', 'BRKN', FALSE, 'TestDataLoad', '2015-04-25 12:30:12' );
INSERT INTO `StEqpInst` ( `name`, `vendor`, `model`, `serial`, `type`, `loc`, `status`, `logl_del`, `last_mdfd_user`, `last_mdfd_tmst` ) VALUES ( 'Hardware 067', 'Vendor 067', 'Model 067', 'Title 067', 'Type 067', '067', 'CHIN', FALSE, 'TestDataLoad', '2015-04-25 12:30:14' );
INSERT INTO `StEqpInst` ( `name`, `vendor`, `model`, `serial`, `type`, `loc`, `status`, `logl_del`, `last_mdfd_user`, `last_mdfd_tmst` ) VALUES ( 'Hardware 068', 'Vendor 068', 'Model 068', 'Title 068', 'Type 068', '068', 'CHIN', FALSE, 'TestDataLoad', '2015-04-25 12:30:16' );
INSERT INTO `StEqpInst` ( `name`, `vendor`, `model`, `serial`, `type`, `loc`, `status`, `logl_del`, `last_mdfd_user`, `last_mdfd_tmst` ) VALUES ( 'Hardware 069', 'Vendor 069', 'Model 069', 'Title 069', 'Type 069', '069', 'CHIN', FALSE, 'TestDataLoad', '2015-04-25 12:30:18' );
INSERT INTO `StEqpInst` ( `name`, `vendor`, `model`, `serial`, `type`, `loc`, `status`, `logl_del`, `last_mdfd_user`, `last_mdfd_tmst` ) VALUES ( 'Hardware 070', 'Vendor 070', 'Model 070', 'Title 070', 'Type 070', '070', 'BRKN', FALSE, 'TestDataLoad', '2015-04-25 12:30:20' );
INSERT INTO `StEqpInst` ( `name`, `vendor`, `model`, `serial`, `type`, `loc`, `status`, `logl_del`, `last_mdfd_user`, `last_mdfd_tmst` ) VALUES ( 'Hardware 071', 'Vendor 071', 'Model 071', 'Title 071', 'Type 071', '071', 'BRKN', FALSE, 'TestDataLoad', '2015-04-25 12:30:22' );
INSERT INTO `StEqpInst` ( `name`, `vendor`, `model`, `serial`, `type`, `loc`, `status`, `logl_del`, `last_mdfd_user`, `last_mdfd_tmst` ) VALUES ( 'Hardware 072', 'Vendor 072', 'Model 072', 'Title 072', 'Type 072', '072', 'BRKN', FALSE, 'TestDataLoad', '2015-04-25 12:30:24' );
INSERT INTO `StEqpInst` ( `name`, `vendor`, `model`, `serial`, `type`, `loc`, `status`, `logl_del`, `last_mdfd_user`, `last_mdfd_tmst` ) VALUES ( 'Hardware 073', 'Vendor 073', 'Model 073', 'Title 073', 'Type 073', '073', 'BRKN', FALSE, 'TestDataLoad', '2015-04-25 12:30:26' );
INSERT INTO `StEqpInst` ( `name`, `vendor`, `model`, `serial`, `type`, `loc`, `status`, `logl_del`, `last_mdfd_user`, `last_mdfd_tmst` ) VALUES ( 'Hardware 074', 'Vendor 074', 'Model 074', 'Title 074', 'Type 074', '074', 'BRKN', FALSE, 'TestDataLoad', '2015-04-25 12:30:28' );
INSERT INTO `StEqpInst` ( `name`, `vendor`, `model`, `serial`, `type`, `loc`, `status`, `logl_del`, `last_mdfd_user`, `last_mdfd_tmst` ) VALUES ( 'Hardware 075', 'Vendor 075', 'Model 075', 'Title 075', 'Type 075', '075', 'BRKN', FALSE, 'TestDataLoad', '2015-04-25 12:30:30' );
INSERT INTO `StEqpInst` ( `name`, `vendor`, `model`, `serial`, `type`, `loc`, `status`, `logl_del`, `last_mdfd_user`, `last_mdfd_tmst` ) VALUES ( 'Hardware 076', 'Vendor 076', 'Model 076', 'Title 076', 'Type 076', '076', 'CHIN', FALSE, 'TestDataLoad', '2015-04-25 12:30:32' );
INSERT INTO `StEqpInst` ( `name`, `vendor`, `model`, `serial`, `type`, `loc`, `status`, `logl_del`, `last_mdfd_user`, `last_mdfd_tmst` ) VALUES ( 'Hardware 077', 'Vendor 077', 'Model 077', 'Title 077', 'Type 077', '077', 'BRKN', FALSE, 'TestDataLoad', '2015-04-25 12:30:34' );
INSERT INTO `StEqpInst` ( `name`, `vendor`, `model`, `serial`, `type`, `loc`, `status`, `logl_del`, `last_mdfd_user`, `last_mdfd_tmst` ) VALUES ( 'Hardware 078', 'Vendor 078', 'Model 078', 'Title 078', 'Type 078', '078', 'CHOT', FALSE, 'TestDataLoad', '2015-04-25 12:30:36' );
INSERT INTO `StEqpInst` ( `name`, `vendor`, `model`, `serial`, `type`, `loc`, `status`, `logl_del`, `last_mdfd_user`, `last_mdfd_tmst` ) VALUES ( 'Hardware 079', 'Vendor 079', 'Model 079', 'Title 079', 'Type 079', '079', 'CHOT', FALSE, 'TestDataLoad', '2015-04-25 12:30:38' );
INSERT INTO `StEqpInst` ( `name`, `vendor`, `model`, `serial`, `type`, `loc`, `status`, `logl_del`, `last_mdfd_user`, `last_mdfd_tmst` ) VALUES ( 'Hardware 080', 'Vendor 080', 'Model 080', 'Title 080', 'Type 080', '080', 'CHOT', FALSE, 'TestDataLoad', '2015-04-25 12:30:40' );
INSERT INTO `StEqpInst` ( `name`, `vendor`, `model`, `serial`, `type`, `loc`, `status`, `logl_del`, `last_mdfd_user`, `last_mdfd_tmst` ) VALUES ( 'Hardware 081', 'Vendor 081', 'Model 081', 'Title 081', 'Type 081', '081', 'CHIN', FALSE, 'TestDataLoad', '2015-04-25 12:30:42' );
INSERT INTO `StEqpInst` ( `name`, `vendor`, `model`, `serial`, `type`, `loc`, `status`, `logl_del`, `last_mdfd_user`, `last_mdfd_tmst` ) VALUES ( 'Hardware 082', 'Vendor 082', 'Model 082', 'Title 082', 'Type 082', '082', 'CHOT', FALSE, 'TestDataLoad', '2015-04-25 12:30:44' );
INSERT INTO `StEqpInst` ( `name`, `vendor`, `model`, `serial`, `type`, `loc`, `status`, `logl_del`, `last_mdfd_user`, `last_mdfd_tmst` ) VALUES ( 'Hardware 083', 'Vendor 083', 'Model 083', 'Title 083', 'Type 083', '083', 'CHIN', FALSE, 'TestDataLoad', '2015-04-25 12:30:46' );
INSERT INTO `StEqpInst` ( `name`, `vendor`, `model`, `serial`, `type`, `loc`, `status`, `logl_del`, `last_mdfd_user`, `last_mdfd_tmst` ) VALUES ( 'Hardware 084', 'Vendor 084', 'Model 084', 'Title 084', 'Type 084', '084', 'BRKN', FALSE, 'TestDataLoad', '2015-04-25 12:30:48' );
INSERT INTO `StEqpInst` ( `name`, `vendor`, `model`, `serial`, `type`, `loc`, `status`, `logl_del`, `last_mdfd_user`, `last_mdfd_tmst` ) VALUES ( 'Hardware 085', 'Vendor 085', 'Model 085', 'Title 085', 'Type 085', '085', 'BRKN', FALSE, 'TestDataLoad', '2015-04-25 12:30:50' );
INSERT INTO `StEqpInst` ( `name`, `vendor`, `model`, `serial`, `type`, `loc`, `status`, `logl_del`, `last_mdfd_user`, `last_mdfd_tmst` ) VALUES ( 'Hardware 086', 'Vendor 086', 'Model 086', 'Title 086', 'Type 086', '086', 'CHIN', FALSE, 'TestDataLoad', '2015-04-25 12:30:52' );
INSERT INTO `StEqpInst` ( `name`, `vendor`, `model`, `serial`, `type`, `loc`, `status`, `logl_del`, `last_mdfd_user`, `last_mdfd_tmst` ) VALUES ( 'Hardware 087', 'Vendor 087', 'Model 087', 'Title 087', 'Type 087', '087', 'CHOT', FALSE, 'TestDataLoad', '2015-04-25 12:30:54' );
INSERT INTO `StEqpInst` ( `name`, `vendor`, `model`, `serial`, `type`, `loc`, `status`, `logl_del`, `last_mdfd_user`, `last_mdfd_tmst` ) VALUES ( 'Hardware 088', 'Vendor 088', 'Model 088', 'Title 088', 'Type 088', '088', 'CHOT', FALSE, 'TestDataLoad', '2015-04-25 12:30:56' );
INSERT INTO `StEqpInst` ( `name`, `vendor`, `model`, `serial`, `type`, `loc`, `status`, `logl_del`, `last_mdfd_user`, `last_mdfd_tmst` ) VALUES ( 'Hardware 089', 'Vendor 089', 'Model 089', 'Title 089', 'Type 089', '089', 'CHOT', FALSE, 'TestDataLoad', '2015-04-25 12:30:58' );
INSERT INTO `StEqpInst` ( `name`, `vendor`, `model`, `serial`, `type`, `loc`, `status`, `logl_del`, `last_mdfd_user`, `last_mdfd_tmst` ) VALUES ( 'Hardware 090', 'Vendor 090', 'Model 090', 'Title 090', 'Type 090', '090', 'CHOT', FALSE, 'TestDataLoad', '2015-04-25 12:31:00' );
INSERT INTO `StEqpInst` ( `name`, `vendor`, `model`, `serial`, `type`, `loc`, `status`, `logl_del`, `last_mdfd_user`, `last_mdfd_tmst` ) VALUES ( 'Hardware 091', 'Vendor 091', 'Model 091', 'Title 091', 'Type 091', '091', 'BRKN', FALSE, 'TestDataLoad', '2015-04-25 12:31:02' );
INSERT INTO `StEqpInst` ( `name`, `vendor`, `model`, `serial`, `type`, `loc`, `status`, `logl_del`, `last_mdfd_user`, `last_mdfd_tmst` ) VALUES ( 'Hardware 092', 'Vendor 092', 'Model 092', 'Title 092', 'Type 092', '092', 'CHIN', FALSE, 'TestDataLoad', '2015-04-25 12:31:04' );
INSERT INTO `StEqpInst` ( `name`, `vendor`, `model`, `serial`, `type`, `loc`, `status`, `logl_del`, `last_mdfd_user`, `last_mdfd_tmst` ) VALUES ( 'Hardware 093', 'Vendor 093', 'Model 093', 'Title 093', 'Type 093', '093', 'CHOT', FALSE, 'TestDataLoad', '2015-04-25 12:31:06' );
INSERT INTO `StEqpInst` ( `name`, `vendor`, `model`, `serial`, `type`, `loc`, `status`, `logl_del`, `last_mdfd_user`, `last_mdfd_tmst` ) VALUES ( 'Hardware 094', 'Vendor 094', 'Model 094', 'Title 094', 'Type 094', '094', 'CHIN', FALSE, 'TestDataLoad', '2015-04-25 12:31:08' );
INSERT INTO `StEqpInst` ( `name`, `vendor`, `model`, `serial`, `type`, `loc`, `status`, `logl_del`, `last_mdfd_user`, `last_mdfd_tmst` ) VALUES ( 'Hardware 095', 'Vendor 095', 'Model 095', 'Title 095', 'Type 095', '095', 'CHIN', FALSE, 'TestDataLoad', '2015-04-25 12:31:10' );
INSERT INTO `StEqpInst` ( `name`, `vendor`, `model`, `serial`, `type`, `loc`, `status`, `logl_del`, `last_mdfd_user`, `last_mdfd_tmst` ) VALUES ( 'Hardware 096', 'Vendor 096', 'Model 096', 'Title 096', 'Type 096', '096', 'CHOT', FALSE, 'TestDataLoad', '2015-04-25 12:31:12' );
INSERT INTO `StEqpInst` ( `name`, `vendor`, `model`, `serial`, `type`, `loc`, `status`, `logl_del`, `last_mdfd_user`, `last_mdfd_tmst` ) VALUES ( 'Hardware 097', 'Vendor 097', 'Model 097', 'Title 097', 'Type 097', '097', 'BRKN', FALSE, 'TestDataLoad', '2015-04-25 12:31:14' );
INSERT INTO `StEqpInst` ( `name`, `vendor`, `model`, `serial`, `type`, `loc`, `status`, `logl_del`, `last_mdfd_user`, `last_mdfd_tmst` ) VALUES ( 'Hardware 098', 'Vendor 098', 'Model 098', 'Title 098', 'Type 098', '098', 'CHIN', FALSE, 'TestDataLoad', '2015-04-25 12:31:16' );
INSERT INTO `StEqpInst` ( `name`, `vendor`, `model`, `serial`, `type`, `loc`, `status`, `logl_del`, `last_mdfd_user`, `last_mdfd_tmst` ) VALUES ( 'Hardware 099', 'Vendor 099', 'Model 099', 'Title 099', 'Type 099', '099', 'CHOT', FALSE, 'TestDataLoad', '2015-04-25 12:31:18' );
