--
-- Unique Keys
--
INSERT INTO `StNxtPriKeyInst` ( `table`, `key` ) VALUES ( 'StPrsnInst', 5 );
INSERT INTO `StNxtPriKeyInst` ( `table`, `key` ) VALUES ( 'StLfeCyclConf', 4 );
INSERT INTO `StNxtPriKeyInst` ( `table`, `key` ) VALUES ( 'StAffLvlConf', 3 );
INSERT INTO `StNxtPriKeyInst` ( `table`, `key` ) VALUES ( 'StSvrLvlConf', 3 );
INSERT INTO `StNxtPriKeyInst` ( `table`, `key` ) VALUES ( 'StPriConf', 5 );
INSERT INTO `StNxtPriKeyInst` ( `table`, `key` ) VALUES ( 'StCatgConf', 49 );
INSERT INTO `StNxtPriKeyInst` ( `table`, `key` ) VALUES ( 'StTktInst', 100 );
INSERT INTO `StNxtPriKeyInst` ( `table`, `key` ) VALUES ( 'StEqpInst', 100 );
INSERT INTO `StNxtPriKeyInst` ( `table`, `key` ) VALUES ( 'StSftInst', 20 );

--
-- Person entities
--
INSERT INTO StPrsnInst ( `pid`, `fname`, `lname`, `email`, `logl_del`, `last_mdfd_user`, `last_mdfd_tmst` ) VALUES ( 0, 'Tyler'		, 'Filkins'	, 'tfilkins@fake.com'	, FALSE, 'TestDataLoad', '2001-01-01 00:00:00' );
INSERT INTO StPrsnInst ( `pid`, `fname`, `lname`, `email`, `logl_del`, `last_mdfd_user`, `last_mdfd_tmst` ) VALUES ( 1, 'Yumarzi'	, 'Khan'	, 'ymkhan@fake.com'		, FALSE, 'TestDataLoad', '2001-01-01 00:00:00' );
INSERT INTO StPrsnInst ( `pid`, `fname`, `lname`, `email`, `logl_del`, `last_mdfd_user`, `last_mdfd_tmst` ) VALUES ( 2, 'Jacob'		, 'Vosik'	, 'jacob.vosik@fake.com'	, FALSE, 'TestDataLoad', '2001-01-01 00:00:00' );
INSERT INTO StPrsnInst ( `pid`, `fname`, `lname`, `email`, `logl_del`, `last_mdfd_user`, `last_mdfd_tmst` ) VALUES ( 3, 'Hassan'	, 'Alradwan', 'halradwan@fake.com'	, FALSE, 'TestDataLoad', '2001-01-01 00:00:00' );
INSERT INTO StPrsnInst ( `pid`, `fname`, `lname`, `email`, `logl_del`, `last_mdfd_user`, `last_mdfd_tmst` ) VALUES ( 4, 'Asad'		, 'Ullah'	, 'asadvasad@fake.com'		, FALSE, 'TestDataLoad', '2001-01-01 00:00:00' );

--
-- Phone entities
--
INSERT INTO StPhneInst ( `pid`, `type`, `intl`, `area`, `phone1`, `phone2`, `last_mdfd_user`, `last_mdfd_tmst` ) VALUES ( 0 , 'HOME', NULL, '402', '555', '0000', 'TestDataLoad', '2001-01-01 00:00:00' );
INSERT INTO StPhneInst ( `pid`, `type`, `intl`, `area`, `phone1`, `phone2`, `last_mdfd_user`, `last_mdfd_tmst` ) VALUES ( 0 , 'BUSN', NULL, '402', '555', '0001', 'TestDataLoad', '2001-01-01 00:00:00' );
INSERT INTO StPhneInst ( `pid`, `type`, `intl`, `area`, `phone1`, `phone2`, `last_mdfd_user`, `last_mdfd_tmst` ) VALUES ( 0 , 'CELL', NULL, '402', '555', '0002', 'TestDataLoad', '2001-01-01 00:00:00' );
INSERT INTO StPhneInst ( `pid`, `type`, `intl`, `area`, `phone1`, `phone2`, `last_mdfd_user`, `last_mdfd_tmst` ) VALUES ( 1 , 'HOME', NULL, '402', '555', '0003', 'TestDataLoad', '2001-01-01 00:00:00' );
INSERT INTO StPhneInst ( `pid`, `type`, `intl`, `area`, `phone1`, `phone2`, `last_mdfd_user`, `last_mdfd_tmst` ) VALUES ( 1 , 'BUSN', NULL, '402', '555', '0004', 'TestDataLoad', '2001-01-01 00:00:00' );
INSERT INTO StPhneInst ( `pid`, `type`, `intl`, `area`, `phone1`, `phone2`, `last_mdfd_user`, `last_mdfd_tmst` ) VALUES ( 1 , 'CELL', NULL, '402', '555', '0005', 'TestDataLoad', '2001-01-01 00:00:00' );
INSERT INTO StPhneInst ( `pid`, `type`, `intl`, `area`, `phone1`, `phone2`, `last_mdfd_user`, `last_mdfd_tmst` ) VALUES ( 2 , 'HOME', NULL, '402', '555', '0006', 'TestDataLoad', '2001-01-01 00:00:00' );
INSERT INTO StPhneInst ( `pid`, `type`, `intl`, `area`, `phone1`, `phone2`, `last_mdfd_user`, `last_mdfd_tmst` ) VALUES ( 2 , 'BUSN', NULL, '402', '555', '0007', 'TestDataLoad', '2001-01-01 00:00:00' );
INSERT INTO StPhneInst ( `pid`, `type`, `intl`, `area`, `phone1`, `phone2`, `last_mdfd_user`, `last_mdfd_tmst` ) VALUES ( 2 , 'CELL', NULL, '402', '555', '0008', 'TestDataLoad', '2001-01-01 00:00:00' );
INSERT INTO StPhneInst ( `pid`, `type`, `intl`, `area`, `phone1`, `phone2`, `last_mdfd_user`, `last_mdfd_tmst` ) VALUES ( 3 , 'HOME', NULL, '402', '555', '0009', 'TestDataLoad', '2001-01-01 00:00:00' );
INSERT INTO StPhneInst ( `pid`, `type`, `intl`, `area`, `phone1`, `phone2`, `last_mdfd_user`, `last_mdfd_tmst` ) VALUES ( 3 , 'BUSN', NULL, '402', '555', '0010', 'TestDataLoad', '2001-01-01 00:00:00' );
INSERT INTO StPhneInst ( `pid`, `type`, `intl`, `area`, `phone1`, `phone2`, `last_mdfd_user`, `last_mdfd_tmst` ) VALUES ( 3 , 'CELL', NULL, '402', '555', '0011', 'TestDataLoad', '2001-01-01 00:00:00' );
INSERT INTO StPhneInst ( `pid`, `type`, `intl`, `area`, `phone1`, `phone2`, `last_mdfd_user`, `last_mdfd_tmst` ) VALUES ( 4 , 'HOME', NULL, '402', '555', '0012', 'TestDataLoad', '2001-01-01 00:00:00' );
INSERT INTO StPhneInst ( `pid`, `type`, `intl`, `area`, `phone1`, `phone2`, `last_mdfd_user`, `last_mdfd_tmst` ) VALUES ( 4 , 'BUSN', NULL, '402', '555', '0013', 'TestDataLoad', '2001-01-01 00:00:00' );
INSERT INTO StPhneInst ( `pid`, `type`, `intl`, `area`, `phone1`, `phone2`, `last_mdfd_user`, `last_mdfd_tmst` ) VALUES ( 4 , 'CELL', NULL, '402', '555', '0014', 'TestDataLoad', '2001-01-01 00:00:00' );

--
-- User entities
--
INSERT INTO StUserInst ( `pid`, `user`, `pass`, `logl_del`, `last_mdfd_user`, `last_mdfd_tmst` ) VALUES ( 0, 'tfilkins'	, 'changeme', FALSE, 'TestDataLoad', '2001-01-01 00:00:00' );
INSERT INTO StUserInst ( `pid`, `user`, `pass`, `logl_del`, `last_mdfd_user`, `last_mdfd_tmst` ) VALUES ( 1, 'ykhan'	, 'changeme', FALSE, 'TestDataLoad', '2001-01-01 00:00:00' );
INSERT INTO StUserInst ( `pid`, `user`, `pass`, `logl_del`, `last_mdfd_user`, `last_mdfd_tmst` ) VALUES ( 2, 'jvosik'	, 'changeme', FALSE, 'TestDataLoad', '2001-01-01 00:00:00' );
INSERT INTO StUserInst ( `pid`, `user`, `pass`, `logl_del`, `last_mdfd_user`, `last_mdfd_tmst` ) VALUES ( 3, 'halradwan', 'changeme', FALSE, 'TestDataLoad', '2001-01-01 00:00:00' );
INSERT INTO StUserInst ( `pid`, `user`, `pass`, `logl_del`, `last_mdfd_user`, `last_mdfd_tmst` ) VALUES ( 4, 'aullah'	, 'changeme', FALSE, 'TestDataLoad', '2001-01-01 00:00:00' );

--
-- Lifecycle configuration
--
INSERT INTO StLfeCyclConf ( `life_cycl_id`, `name`, `r`, `g`, `b`, `is_timed`, `logl_del`, `last_mdfd_user`, `last_mdfd_tmst` ) VALUES ( 0, 'Open'			, 255, 102,   0,  TRUE, FALSE, 'TestDataLoad', '2001-01-01 00:00:00' );
INSERT INTO StLfeCyclConf ( `life_cycl_id`, `name`, `r`, `g`, `b`, `is_timed`, `logl_del`, `last_mdfd_user`, `last_mdfd_tmst` ) VALUES ( 1, 'In Progress'	,  51,   0, 255,  TRUE, FALSE, 'TestDataLoad', '2001-01-01 00:00:00' );
INSERT INTO StLfeCyclConf ( `life_cycl_id`, `name`, `r`, `g`, `b`, `is_timed`, `logl_del`, `last_mdfd_user`, `last_mdfd_tmst` ) VALUES ( 2, 'Closed'		,   0, 102,   0, FALSE, FALSE, 'TestDataLoad', '2001-01-01 00:00:00' );
INSERT INTO StLfeCyclConf ( `life_cycl_id`, `name`, `r`, `g`, `b`, `is_timed`, `logl_del`, `last_mdfd_user`, `last_mdfd_tmst` ) VALUES ( 3, 'Waiting'		, 255, 255,  51, FALSE, FALSE, 'TestDataLoad', '2001-01-01 00:00:00' );

--
-- Affected level configuration
--
INSERT INTO StAffLvlConf ( `aff_level`, `name`, `logl_del`, `last_mdfd_user`, `last_mdfd_tmst` ) VALUES ( 0, '1 Person'		, FALSE, 'TestDataLoad', '2001-01-01 00:00:00' );
INSERT INTO StAffLvlConf ( `aff_level`, `name`, `logl_del`, `last_mdfd_user`, `last_mdfd_tmst` ) VALUES ( 1, '2-5 People'	, FALSE, 'TestDataLoad', '2001-01-01 00:00:00' );
INSERT INTO StAffLvlConf ( `aff_level`, `name`, `logl_del`, `last_mdfd_user`, `last_mdfd_tmst` ) VALUES ( 2, '6+ People'	, FALSE, 'TestDataLoad', '2001-01-01 00:00:00' );

--
-- Severity level configuration
--
INSERT INTO StSvrLvlConf ( `severity`, `name`, `logl_del`, `last_mdfd_user`, `last_mdfd_tmst` ) VALUES ( 0, 'Trivial'			, FALSE, 'TestDataLoad', '2001-01-01 00:00:00' );
INSERT INTO StSvrLvlConf ( `severity`, `name`, `logl_del`, `last_mdfd_user`, `last_mdfd_tmst` ) VALUES ( 1, 'Workaround Exists'	, FALSE, 'TestDataLoad', '2001-01-01 00:00:00' );
INSERT INTO StSvrLvlConf ( `severity`, `name`, `logl_del`, `last_mdfd_user`, `last_mdfd_tmst` ) VALUES ( 2, 'No Workaround'		, FALSE, 'TestDataLoad', '2001-01-01 00:00:00' );

--
-- Priority configuration
--
INSERT INTO StPriConf ( `priority`, `name`, `r`, `g`, `b`, `logl_del`, `last_mdfd_user`, `last_mdfd_tmst` ) VALUES ( 0, 'Very Low'	,   0, 153,  0, FALSE, 'TestDataLoad', '2001-01-01 00:00:00' );
INSERT INTO StPriConf ( `priority`, `name`, `r`, `g`, `b`, `logl_del`, `last_mdfd_user`, `last_mdfd_tmst` ) VALUES ( 1, 'Low'		,   0, 255,  0, FALSE, 'TestDataLoad', '2001-01-01 00:00:00' );
INSERT INTO StPriConf ( `priority`, `name`, `r`, `g`, `b`, `logl_del`, `last_mdfd_user`, `last_mdfd_tmst` ) VALUES ( 2, 'Medium'	, 255, 255,  0, FALSE, 'TestDataLoad', '2001-01-01 00:00:00' );
INSERT INTO StPriConf ( `priority`, `name`, `r`, `g`, `b`, `logl_del`, `last_mdfd_user`, `last_mdfd_tmst` ) VALUES ( 3, 'High'		, 255, 128,  0, FALSE, 'TestDataLoad', '2001-01-01 00:00:00' );
INSERT INTO StPriConf ( `priority`, `name`, `r`, `g`, `b`, `logl_del`, `last_mdfd_user`, `last_mdfd_tmst` ) VALUES ( 4, 'Very High'	, 255,   0,  0, FALSE, 'TestDataLoad', '2001-01-01 00:00:00' );

--
-- Affected-Severity -> Priority configuration
--
INSERT INTO StPriMtxConf ( `aff_level`, `severity`, `priority`, `logl_del`, `last_mdfd_user`, `last_mdfd_tmst` ) VALUES ( 0, 0, 0, FALSE, 'TestDataLoad', '2001-01-01 00:00:00' );
INSERT INTO StPriMtxConf ( `aff_level`, `severity`, `priority`, `logl_del`, `last_mdfd_user`, `last_mdfd_tmst` ) VALUES ( 1, 0, 1, FALSE, 'TestDataLoad', '2001-01-01 00:00:00' );
INSERT INTO StPriMtxConf ( `aff_level`, `severity`, `priority`, `logl_del`, `last_mdfd_user`, `last_mdfd_tmst` ) VALUES ( 2, 0, 2, FALSE, 'TestDataLoad', '2001-01-01 00:00:00' );
INSERT INTO StPriMtxConf ( `aff_level`, `severity`, `priority`, `logl_del`, `last_mdfd_user`, `last_mdfd_tmst` ) VALUES ( 0, 1, 1, FALSE, 'TestDataLoad', '2001-01-01 00:00:00' );
INSERT INTO StPriMtxConf ( `aff_level`, `severity`, `priority`, `logl_del`, `last_mdfd_user`, `last_mdfd_tmst` ) VALUES ( 1, 1, 2, FALSE, 'TestDataLoad', '2001-01-01 00:00:00' );
INSERT INTO StPriMtxConf ( `aff_level`, `severity`, `priority`, `logl_del`, `last_mdfd_user`, `last_mdfd_tmst` ) VALUES ( 2, 1, 3, FALSE, 'TestDataLoad', '2001-01-01 00:00:00' );
INSERT INTO StPriMtxConf ( `aff_level`, `severity`, `priority`, `logl_del`, `last_mdfd_user`, `last_mdfd_tmst` ) VALUES ( 0, 2, 3, FALSE, 'TestDataLoad', '2001-01-01 00:00:00' );
INSERT INTO StPriMtxConf ( `aff_level`, `severity`, `priority`, `logl_del`, `last_mdfd_user`, `last_mdfd_tmst` ) VALUES ( 1, 2, 3, FALSE, 'TestDataLoad', '2001-01-01 00:00:00' );
INSERT INTO StPriMtxConf ( `aff_level`, `severity`, `priority`, `logl_del`, `last_mdfd_user`, `last_mdfd_tmst` ) VALUES ( 2, 2, 4, FALSE, 'TestDataLoad', '2001-01-01 00:00:00' );

--
-- Categories
--

INSERT INTO StCatgConf ( `cid`, `name`, `logl_del`, `last_mdfd_user`, `last_mdfd_tmst` ) VALUES ( 0, 'Account Creation'				, FALSE, 'TestDataLoad', '2001-01-01 00:00:00' );
INSERT INTO StCatgConf ( `cid`, `name`, `logl_del`, `last_mdfd_user`, `last_mdfd_tmst` ) VALUES ( 1, 'Account previleges'			, FALSE, 'TestDataLoad', '2001-01-01 00:00:00' );
INSERT INTO StCatgConf ( `cid`, `name`, `logl_del`, `last_mdfd_user`, `last_mdfd_tmst` ) VALUES ( 2, 'AD'							, FALSE, 'TestDataLoad', '2001-01-01 00:00:00' );
INSERT INTO StCatgConf ( `cid`, `name`, `logl_del`, `last_mdfd_user`, `last_mdfd_tmst` ) VALUES ( 3, 'Backup'						, FALSE, 'TestDataLoad', '2001-01-01 00:00:00' );
INSERT INTO StCatgConf ( `cid`, `name`, `logl_del`, `last_mdfd_user`, `last_mdfd_tmst` ) VALUES ( 4, 'Checkout item'				, FALSE, 'TestDataLoad', '2001-01-01 00:00:00' );
INSERT INTO StCatgConf ( `cid`, `name`, `logl_del`, `last_mdfd_user`, `last_mdfd_tmst` ) VALUES ( 5, 'Course'						, FALSE, 'TestDataLoad', '2001-01-01 00:00:00' );
INSERT INTO StCatgConf ( `cid`, `name`, `logl_del`, `last_mdfd_user`, `last_mdfd_tmst` ) VALUES ( 6, 'Data'							, FALSE, 'TestDataLoad', '2001-01-01 00:00:00' );
INSERT INTO StCatgConf ( `cid`, `name`, `logl_del`, `last_mdfd_user`, `last_mdfd_tmst` ) VALUES ( 7, 'Database'						, FALSE, 'TestDataLoad', '2001-01-01 00:00:00' );
INSERT INTO StCatgConf ( `cid`, `name`, `logl_del`, `last_mdfd_user`, `last_mdfd_tmst` ) VALUES ( 8, 'Decommision'					, FALSE, 'TestDataLoad', '2001-01-01 00:00:00' );
INSERT INTO StCatgConf ( `cid`, `name`, `logl_del`, `last_mdfd_user`, `last_mdfd_tmst` ) VALUES ( 9, 'DNS'							, FALSE, 'TestDataLoad', '2001-01-01 00:00:00' );
INSERT INTO StCatgConf ( `cid`, `name`, `logl_del`, `last_mdfd_user`, `last_mdfd_tmst` ) VALUES ( 10, 'Documentation'				, FALSE, 'TestDataLoad', '2001-01-01 00:00:00' );
INSERT INTO StCatgConf ( `cid`, `name`, `logl_del`, `last_mdfd_user`, `last_mdfd_tmst` ) VALUES ( 11, 'Email'						, FALSE, 'TestDataLoad', '2001-01-01 00:00:00' );
INSERT INTO StCatgConf ( `cid`, `name`, `logl_del`, `last_mdfd_user`, `last_mdfd_tmst` ) VALUES ( 12, 'Hardware'					, FALSE, 'TestDataLoad', '2001-01-01 00:00:00' );
INSERT INTO StCatgConf ( `cid`, `name`, `logl_del`, `last_mdfd_user`, `last_mdfd_tmst` ) VALUES ( 13, 'HCC'							, FALSE, 'TestDataLoad', '2001-01-01 00:00:00' );
INSERT INTO StCatgConf ( `cid`, `name`, `logl_del`, `last_mdfd_user`, `last_mdfd_tmst` ) VALUES ( 14, 'HPC'							, FALSE, 'TestDataLoad', '2001-01-01 00:00:00' );
INSERT INTO StCatgConf ( `cid`, `name`, `logl_del`, `last_mdfd_user`, `last_mdfd_tmst` ) VALUES ( 15, 'Imaging'						, FALSE, 'TestDataLoad', '2001-01-01 00:00:00' );
INSERT INTO StCatgConf ( `cid`, `name`, `logl_del`, `last_mdfd_user`, `last_mdfd_tmst` ) VALUES ( 16, 'Inventory'					, FALSE, 'TestDataLoad', '2001-01-01 00:00:00' );
INSERT INTO StCatgConf ( `cid`, `name`, `logl_del`, `last_mdfd_user`, `last_mdfd_tmst` ) VALUES ( 17, 'IRC'							, FALSE, 'TestDataLoad', '2001-01-01 00:00:00' );
INSERT INTO StCatgConf ( `cid`, `name`, `logl_del`, `last_mdfd_user`, `last_mdfd_tmst` ) VALUES ( 18, 'Login'						, FALSE, 'TestDataLoad', '2001-01-01 00:00:00' );
INSERT INTO StCatgConf ( `cid`, `name`, `logl_del`, `last_mdfd_user`, `last_mdfd_tmst` ) VALUES ( 19, 'Logs'						, FALSE, 'TestDataLoad', '2001-01-01 00:00:00' );
INSERT INTO StCatgConf ( `cid`, `name`, `logl_del`, `last_mdfd_user`, `last_mdfd_tmst` ) VALUES ( 20, 'Misc'						, FALSE, 'TestDataLoad', '2001-01-01 00:00:00' );
INSERT INTO StCatgConf ( `cid`, `name`, `logl_del`, `last_mdfd_user`, `last_mdfd_tmst` ) VALUES ( 21, 'Move'						, FALSE, 'TestDataLoad', '2001-01-01 00:00:00' );
INSERT INTO StCatgConf ( `cid`, `name`, `logl_del`, `last_mdfd_user`, `last_mdfd_tmst` ) VALUES ( 22, 'Netowrk'						, FALSE, 'TestDataLoad', '2001-01-01 00:00:00' );
INSERT INTO StCatgConf ( `cid`, `name`, `logl_del`, `last_mdfd_user`, `last_mdfd_tmst` ) VALUES ( 23, 'Organize'					, FALSE, 'TestDataLoad', '2001-01-01 00:00:00' );
INSERT INTO StCatgConf ( `cid`, `name`, `logl_del`, `last_mdfd_user`, `last_mdfd_tmst` ) VALUES ( 24, 'OS Install'					, FALSE, 'TestDataLoad', '2001-01-01 00:00:00' );
INSERT INTO StCatgConf ( `cid`, `name`, `logl_del`, `last_mdfd_user`, `last_mdfd_tmst` ) VALUES ( 25, 'OS Upgrade'					, FALSE, 'TestDataLoad', '2001-01-01 00:00:00' );
INSERT INTO StCatgConf ( `cid`, `name`, `logl_del`, `last_mdfd_user`, `last_mdfd_tmst` ) VALUES ( 26, 'Other Account Related'		, FALSE, 'TestDataLoad', '2001-01-01 00:00:00' );
INSERT INTO StCatgConf ( `cid`, `name`, `logl_del`, `last_mdfd_user`, `last_mdfd_tmst` ) VALUES ( 27, 'Password'					, FALSE, 'TestDataLoad', '2001-01-01 00:00:00' );
INSERT INTO StCatgConf ( `cid`, `name`, `logl_del`, `last_mdfd_user`, `last_mdfd_tmst` ) VALUES ( 28, 'Permission'					, FALSE, 'TestDataLoad', '2001-01-01 00:00:00' );
INSERT INTO StCatgConf ( `cid`, `name`, `logl_del`, `last_mdfd_user`, `last_mdfd_tmst` ) VALUES ( 29, 'Printer'						, FALSE, 'TestDataLoad', '2001-01-01 00:00:00' );
INSERT INTO StCatgConf ( `cid`, `name`, `logl_del`, `last_mdfd_user`, `last_mdfd_tmst` ) VALUES ( 30, 'Public Relations'			, FALSE, 'TestDataLoad', '2001-01-01 00:00:00' );
INSERT INTO StCatgConf ( `cid`, `name`, `logl_del`, `last_mdfd_user`, `last_mdfd_tmst` ) VALUES ( 31, 'Purchase Request'			, FALSE, 'TestDataLoad', '2001-01-01 00:00:00' );
INSERT INTO StCatgConf ( `cid`, `name`, `logl_del`, `last_mdfd_user`, `last_mdfd_tmst` ) VALUES ( 32, 'Restricted Data'				, FALSE, 'TestDataLoad', '2001-01-01 00:00:00' );
INSERT INTO StCatgConf ( `cid`, `name`, `logl_del`, `last_mdfd_user`, `last_mdfd_tmst` ) VALUES ( 33, 'Room Access'					, FALSE, 'TestDataLoad', '2001-01-01 00:00:00' );
INSERT INTO StCatgConf ( `cid`, `name`, `logl_del`, `last_mdfd_user`, `last_mdfd_tmst` ) VALUES ( 34, 'Room Reservation'			, FALSE, 'TestDataLoad', '2001-01-01 00:00:00' );
INSERT INTO StCatgConf ( `cid`, `name`, `logl_del`, `last_mdfd_user`, `last_mdfd_tmst` ) VALUES ( 35, 'SCM'							, FALSE, 'TestDataLoad', '2001-01-01 00:00:00' );
INSERT INTO StCatgConf ( `cid`, `name`, `logl_del`, `last_mdfd_user`, `last_mdfd_tmst` ) VALUES ( 36, 'Security'					, FALSE, 'TestDataLoad', '2001-01-01 00:00:00' );
INSERT INTO StCatgConf ( `cid`, `name`, `logl_del`, `last_mdfd_user`, `last_mdfd_tmst` ) VALUES ( 37, 'Server'						, FALSE, 'TestDataLoad', '2001-01-01 00:00:00' );
INSERT INTO StCatgConf ( `cid`, `name`, `logl_del`, `last_mdfd_user`, `last_mdfd_tmst` ) VALUES ( 38, 'Software'					, FALSE, 'TestDataLoad', '2001-01-01 00:00:00' );
INSERT INTO StCatgConf ( `cid`, `name`, `logl_del`, `last_mdfd_user`, `last_mdfd_tmst` ) VALUES ( 39, 'SSL Certificate'				, FALSE, 'TestDataLoad', '2001-01-01 00:00:00' );
INSERT INTO StCatgConf ( `cid`, `name`, `logl_del`, `last_mdfd_user`, `last_mdfd_tmst` ) VALUES ( 40, 'Storage'						, FALSE, 'TestDataLoad', '2001-01-01 00:00:00' );
INSERT INTO StCatgConf ( `cid`, `name`, `logl_del`, `last_mdfd_user`, `last_mdfd_tmst` ) VALUES ( 41, 'Surplus'						, FALSE, 'TestDataLoad', '2001-01-01 00:00:00' );
INSERT INTO StCatgConf ( `cid`, `name`, `logl_del`, `last_mdfd_user`, `last_mdfd_tmst` ) VALUES ( 42, 'Systems Integration'			, FALSE, 'TestDataLoad', '2001-01-01 00:00:00' );
INSERT INTO StCatgConf ( `cid`, `name`, `logl_del`, `last_mdfd_user`, `last_mdfd_tmst` ) VALUES ( 43, 'Technical Specifications'	, FALSE, 'TestDataLoad', '2001-01-01 00:00:00' );
INSERT INTO StCatgConf ( `cid`, `name`, `logl_del`, `last_mdfd_user`, `last_mdfd_tmst` ) VALUES ( 44, 'Virus/Spyware/Malware'		, FALSE, 'TestDataLoad', '2001-01-01 00:00:00' );
INSERT INTO StCatgConf ( `cid`, `name`, `logl_del`, `last_mdfd_user`, `last_mdfd_tmst` ) VALUES ( 45, 'VMWARE'						, FALSE, 'TestDataLoad', '2001-01-01 00:00:00' );
INSERT INTO StCatgConf ( `cid`, `name`, `logl_del`, `last_mdfd_user`, `last_mdfd_tmst` ) VALUES ( 46, 'Website'						, FALSE, 'TestDataLoad', '2001-01-01 00:00:00' );
INSERT INTO StCatgConf ( `cid`, `name`, `logl_del`, `last_mdfd_user`, `last_mdfd_tmst` ) VALUES ( 47, 'Wiki'						, FALSE, 'TestDataLoad', '2001-01-01 00:00:00' );
INSERT INTO StCatgConf ( `cid`, `name`, `logl_del`, `last_mdfd_user`, `last_mdfd_tmst` ) VALUES ( 48, 'Workstation Setup'			, FALSE, 'TestDataLoad', '2001-01-01 00:00:00' );

-- 
-- Tickets
-- 
INSERT INTO `StTktInst` ( `tid`, `opener`, `assignee`, `aff_level`, `severity`, `title`, `description`, `catg`, `life_cycl_id`, `insrt_tmst`, `expct_hours`, `last_open_time`, `logl_del`, `last_mdfd_user`, `last_mdfd_tmst` ) VALUES ( 0, 2, 3, 0, 0, 'Title 000', 'Description 000', 48, 0, '2015-04-06 17:42:17', 18, 1, FALSE, 'TestDataLoad', '2015-04-06 17:42:17');
INSERT INTO `StTktInst` ( `tid`, `opener`, `assignee`, `aff_level`, `severity`, `title`, `description`, `catg`, `life_cycl_id`, `insrt_tmst`, `expct_hours`, `last_open_time`, `logl_del`, `last_mdfd_user`, `last_mdfd_tmst` ) VALUES ( 1, 3, 4, 0, 2, 'Title 001', 'Description 001', 47, 3, '2015-04-06 17:42:18', 19, 20, FALSE, 'TestDataLoad', '2015-04-06 17:42:19');
INSERT INTO `StTktInst` ( `tid`, `opener`, `assignee`, `aff_level`, `severity`, `title`, `description`, `catg`, `life_cycl_id`, `insrt_tmst`, `expct_hours`, `last_open_time`, `logl_del`, `last_mdfd_user`, `last_mdfd_tmst` ) VALUES ( 2, 0, 4, 0, 0, 'Title 002', 'Description 002', 29, 1, '2015-04-06 17:42:19', 39, 22, FALSE, 'TestDataLoad', '2015-04-06 17:42:21');
INSERT INTO `StTktInst` ( `tid`, `opener`, `assignee`, `aff_level`, `severity`, `title`, `description`, `catg`, `life_cycl_id`, `insrt_tmst`, `expct_hours`, `last_open_time`, `logl_del`, `last_mdfd_user`, `last_mdfd_tmst` ) VALUES ( 3, 3, 1, 0, 2, 'Title 003', 'Description 003', 19, 3, '2015-04-06 17:42:20', 37, 10, FALSE, 'TestDataLoad', '2015-04-06 17:42:23');
INSERT INTO `StTktInst` ( `tid`, `opener`, `assignee`, `aff_level`, `severity`, `title`, `description`, `catg`, `life_cycl_id`, `insrt_tmst`, `expct_hours`, `last_open_time`, `logl_del`, `last_mdfd_user`, `last_mdfd_tmst` ) VALUES ( 4, 3, 3, 0, 1, 'Title 004', 'Description 004', 41, 2, '2015-04-06 17:42:21', 39, 8, FALSE, 'TestDataLoad', '2015-04-06 17:42:25');
INSERT INTO `StTktInst` ( `tid`, `opener`, `assignee`, `aff_level`, `severity`, `title`, `description`, `catg`, `life_cycl_id`, `insrt_tmst`, `expct_hours`, `last_open_time`, `logl_del`, `last_mdfd_user`, `last_mdfd_tmst` ) VALUES ( 5, 0, 4, 1, 1, 'Title 005', 'Description 005', 27, 2, '2015-04-06 17:42:22', 11, 21, FALSE, 'TestDataLoad', '2015-04-06 17:42:27');
INSERT INTO `StTktInst` ( `tid`, `opener`, `assignee`, `aff_level`, `severity`, `title`, `description`, `catg`, `life_cycl_id`, `insrt_tmst`, `expct_hours`, `last_open_time`, `logl_del`, `last_mdfd_user`, `last_mdfd_tmst` ) VALUES ( 6, 1, 3, 0, 1, 'Title 006', 'Description 006', 6, 1, '2015-04-06 17:42:23', 2, 24, FALSE, 'TestDataLoad', '2015-04-06 17:42:29');
INSERT INTO `StTktInst` ( `tid`, `opener`, `assignee`, `aff_level`, `severity`, `title`, `description`, `catg`, `life_cycl_id`, `insrt_tmst`, `expct_hours`, `last_open_time`, `logl_del`, `last_mdfd_user`, `last_mdfd_tmst` ) VALUES ( 7, 2, 2, 0, 2, 'Title 007', 'Description 007', 43, 2, '2015-04-06 17:42:24', 18, 35, FALSE, 'TestDataLoad', '2015-04-06 17:42:31');
INSERT INTO `StTktInst` ( `tid`, `opener`, `assignee`, `aff_level`, `severity`, `title`, `description`, `catg`, `life_cycl_id`, `insrt_tmst`, `expct_hours`, `last_open_time`, `logl_del`, `last_mdfd_user`, `last_mdfd_tmst` ) VALUES ( 8, 3, 4, 2, 2, 'Title 008', 'Description 008', 3, 1, '2015-04-06 17:42:25', 23, 37, FALSE, 'TestDataLoad', '2015-04-06 17:42:33');
INSERT INTO `StTktInst` ( `tid`, `opener`, `assignee`, `aff_level`, `severity`, `title`, `description`, `catg`, `life_cycl_id`, `insrt_tmst`, `expct_hours`, `last_open_time`, `logl_del`, `last_mdfd_user`, `last_mdfd_tmst` ) VALUES ( 9, 3, 2, 2, 2, 'Title 009', 'Description 009', 47, 2, '2015-04-06 17:42:26', 29, 0, FALSE, 'TestDataLoad', '2015-04-06 17:42:35');
INSERT INTO `StTktInst` ( `tid`, `opener`, `assignee`, `aff_level`, `severity`, `title`, `description`, `catg`, `life_cycl_id`, `insrt_tmst`, `expct_hours`, `last_open_time`, `logl_del`, `last_mdfd_user`, `last_mdfd_tmst` ) VALUES ( 10, 1, 3, 2, 0, 'Title 010', 'Description 010', 13, 1, '2015-04-06 17:42:27', 33, 37, FALSE, 'TestDataLoad', '2015-04-06 17:42:37');
INSERT INTO `StTktInst` ( `tid`, `opener`, `assignee`, `aff_level`, `severity`, `title`, `description`, `catg`, `life_cycl_id`, `insrt_tmst`, `expct_hours`, `last_open_time`, `logl_del`, `last_mdfd_user`, `last_mdfd_tmst` ) VALUES ( 11, 4, 0, 2, 2, 'Title 011', 'Description 011', 35, 1, '2015-04-06 17:42:28', 3, 33, FALSE, 'TestDataLoad', '2015-04-06 17:42:39');
INSERT INTO `StTktInst` ( `tid`, `opener`, `assignee`, `aff_level`, `severity`, `title`, `description`, `catg`, `life_cycl_id`, `insrt_tmst`, `expct_hours`, `last_open_time`, `logl_del`, `last_mdfd_user`, `last_mdfd_tmst` ) VALUES ( 12, 3, 2, 2, 1, 'Title 012', 'Description 012', 11, 3, '2015-04-06 17:42:29', 3, 28, FALSE, 'TestDataLoad', '2015-04-06 17:42:41');
INSERT INTO `StTktInst` ( `tid`, `opener`, `assignee`, `aff_level`, `severity`, `title`, `description`, `catg`, `life_cycl_id`, `insrt_tmst`, `expct_hours`, `last_open_time`, `logl_del`, `last_mdfd_user`, `last_mdfd_tmst` ) VALUES ( 13, 0, 0, 0, 1, 'Title 013', 'Description 013', 44, 3, '2015-04-06 17:42:30', 32, 39, FALSE, 'TestDataLoad', '2015-04-06 17:42:43');
INSERT INTO `StTktInst` ( `tid`, `opener`, `assignee`, `aff_level`, `severity`, `title`, `description`, `catg`, `life_cycl_id`, `insrt_tmst`, `expct_hours`, `last_open_time`, `logl_del`, `last_mdfd_user`, `last_mdfd_tmst` ) VALUES ( 14, 1, 4, 0, 1, 'Title 014', 'Description 014', 9, 3, '2015-04-06 17:42:31', 4, 21, FALSE, 'TestDataLoad', '2015-04-06 17:42:45');
INSERT INTO `StTktInst` ( `tid`, `opener`, `assignee`, `aff_level`, `severity`, `title`, `description`, `catg`, `life_cycl_id`, `insrt_tmst`, `expct_hours`, `last_open_time`, `logl_del`, `last_mdfd_user`, `last_mdfd_tmst` ) VALUES ( 15, 1, 3, 2, 1, 'Title 015', 'Description 015', 0, 2, '2015-04-06 17:42:32', 19, 29, FALSE, 'TestDataLoad', '2015-04-06 17:42:47');
INSERT INTO `StTktInst` ( `tid`, `opener`, `assignee`, `aff_level`, `severity`, `title`, `description`, `catg`, `life_cycl_id`, `insrt_tmst`, `expct_hours`, `last_open_time`, `logl_del`, `last_mdfd_user`, `last_mdfd_tmst` ) VALUES ( 16, 3, 3, 2, 1, 'Title 016', 'Description 016', 31, 0, '2015-04-06 17:42:33', 8, 36, FALSE, 'TestDataLoad', '2015-04-06 17:42:49');
INSERT INTO `StTktInst` ( `tid`, `opener`, `assignee`, `aff_level`, `severity`, `title`, `description`, `catg`, `life_cycl_id`, `insrt_tmst`, `expct_hours`, `last_open_time`, `logl_del`, `last_mdfd_user`, `last_mdfd_tmst` ) VALUES ( 17, 2, 4, 2, 1, 'Title 017', 'Description 017', 34, 3, '2015-04-06 17:42:34', 38, 18, FALSE, 'TestDataLoad', '2015-04-06 17:42:51');
INSERT INTO `StTktInst` ( `tid`, `opener`, `assignee`, `aff_level`, `severity`, `title`, `description`, `catg`, `life_cycl_id`, `insrt_tmst`, `expct_hours`, `last_open_time`, `logl_del`, `last_mdfd_user`, `last_mdfd_tmst` ) VALUES ( 18, 2, 4, 0, 1, 'Title 018', 'Description 018', 38, 3, '2015-04-06 17:42:35', 29, 34, FALSE, 'TestDataLoad', '2015-04-06 17:42:53');
INSERT INTO `StTktInst` ( `tid`, `opener`, `assignee`, `aff_level`, `severity`, `title`, `description`, `catg`, `life_cycl_id`, `insrt_tmst`, `expct_hours`, `last_open_time`, `logl_del`, `last_mdfd_user`, `last_mdfd_tmst` ) VALUES ( 19, 4, 3, 1, 0, 'Title 019', 'Description 019', 7, 1, '2015-04-06 17:42:36', 27, 19, FALSE, 'TestDataLoad', '2015-04-06 17:42:55');
INSERT INTO `StTktInst` ( `tid`, `opener`, `assignee`, `aff_level`, `severity`, `title`, `description`, `catg`, `life_cycl_id`, `insrt_tmst`, `expct_hours`, `last_open_time`, `logl_del`, `last_mdfd_user`, `last_mdfd_tmst` ) VALUES ( 20, 0, 2, 0, 1, 'Title 020', 'Description 020', 43, 3, '2015-04-06 17:42:37', 39, 26, FALSE, 'TestDataLoad', '2015-04-06 17:42:57');
INSERT INTO `StTktInst` ( `tid`, `opener`, `assignee`, `aff_level`, `severity`, `title`, `description`, `catg`, `life_cycl_id`, `insrt_tmst`, `expct_hours`, `last_open_time`, `logl_del`, `last_mdfd_user`, `last_mdfd_tmst` ) VALUES ( 21, 4, 0, 2, 2, 'Title 021', 'Description 021', 27, 0, '2015-04-06 17:42:38', 4, 39, FALSE, 'TestDataLoad', '2015-04-06 17:42:59');
INSERT INTO `StTktInst` ( `tid`, `opener`, `assignee`, `aff_level`, `severity`, `title`, `description`, `catg`, `life_cycl_id`, `insrt_tmst`, `expct_hours`, `last_open_time`, `logl_del`, `last_mdfd_user`, `last_mdfd_tmst` ) VALUES ( 22, 3, 1, 2, 0, 'Title 022', 'Description 022', 22, 1, '2015-04-06 17:42:39', 21, 38, FALSE, 'TestDataLoad', '2015-04-06 17:43:01');
INSERT INTO `StTktInst` ( `tid`, `opener`, `assignee`, `aff_level`, `severity`, `title`, `description`, `catg`, `life_cycl_id`, `insrt_tmst`, `expct_hours`, `last_open_time`, `logl_del`, `last_mdfd_user`, `last_mdfd_tmst` ) VALUES ( 23, 2, 3, 1, 2, 'Title 023', 'Description 023', 33, 0, '2015-04-06 17:42:40', 15, 26, FALSE, 'TestDataLoad', '2015-04-06 17:43:03');
INSERT INTO `StTktInst` ( `tid`, `opener`, `assignee`, `aff_level`, `severity`, `title`, `description`, `catg`, `life_cycl_id`, `insrt_tmst`, `expct_hours`, `last_open_time`, `logl_del`, `last_mdfd_user`, `last_mdfd_tmst` ) VALUES ( 24, 0, 4, 0, 2, 'Title 024', 'Description 024', 24, 3, '2015-04-06 17:42:41', 34, 38, FALSE, 'TestDataLoad', '2015-04-06 17:43:05');
INSERT INTO `StTktInst` ( `tid`, `opener`, `assignee`, `aff_level`, `severity`, `title`, `description`, `catg`, `life_cycl_id`, `insrt_tmst`, `expct_hours`, `last_open_time`, `logl_del`, `last_mdfd_user`, `last_mdfd_tmst` ) VALUES ( 25, 2, 3, 2, 0, 'Title 025', 'Description 025', 31, 0, '2015-04-06 17:42:42', 39, 14, TRUE, 'TestDataLoad', '2015-04-06 17:43:07');
INSERT INTO `StTktInst` ( `tid`, `opener`, `assignee`, `aff_level`, `severity`, `title`, `description`, `catg`, `life_cycl_id`, `insrt_tmst`, `expct_hours`, `last_open_time`, `logl_del`, `last_mdfd_user`, `last_mdfd_tmst` ) VALUES ( 26, 1, 4, 0, 1, 'Title 026', 'Description 026', 11, 0, '2015-04-06 17:42:43', 36, 24, FALSE, 'TestDataLoad', '2015-04-06 17:43:09');
INSERT INTO `StTktInst` ( `tid`, `opener`, `assignee`, `aff_level`, `severity`, `title`, `description`, `catg`, `life_cycl_id`, `insrt_tmst`, `expct_hours`, `last_open_time`, `logl_del`, `last_mdfd_user`, `last_mdfd_tmst` ) VALUES ( 27, 3, 2, 1, 1, 'Title 027', 'Description 027', 46, 2, '2015-04-06 17:42:44', 8, 26, FALSE, 'TestDataLoad', '2015-04-06 17:43:11');
INSERT INTO `StTktInst` ( `tid`, `opener`, `assignee`, `aff_level`, `severity`, `title`, `description`, `catg`, `life_cycl_id`, `insrt_tmst`, `expct_hours`, `last_open_time`, `logl_del`, `last_mdfd_user`, `last_mdfd_tmst` ) VALUES ( 28, 2, 4, 2, 2, 'Title 028', 'Description 028', 8, 1, '2015-04-06 17:42:45', 27, 21, FALSE, 'TestDataLoad', '2015-04-06 17:43:13');
INSERT INTO `StTktInst` ( `tid`, `opener`, `assignee`, `aff_level`, `severity`, `title`, `description`, `catg`, `life_cycl_id`, `insrt_tmst`, `expct_hours`, `last_open_time`, `logl_del`, `last_mdfd_user`, `last_mdfd_tmst` ) VALUES ( 29, 0, 4, 1, 0, 'Title 029', 'Description 029', 2, 3, '2015-04-06 17:42:46', 19, 26, FALSE, 'TestDataLoad', '2015-04-06 17:43:15');
INSERT INTO `StTktInst` ( `tid`, `opener`, `assignee`, `aff_level`, `severity`, `title`, `description`, `catg`, `life_cycl_id`, `insrt_tmst`, `expct_hours`, `last_open_time`, `logl_del`, `last_mdfd_user`, `last_mdfd_tmst` ) VALUES ( 30, 2, 1, 1, 0, 'Title 030', 'Description 030', 40, 2, '2015-04-06 17:42:47', 31, 0, FALSE, 'TestDataLoad', '2015-04-06 17:43:17');
INSERT INTO `StTktInst` ( `tid`, `opener`, `assignee`, `aff_level`, `severity`, `title`, `description`, `catg`, `life_cycl_id`, `insrt_tmst`, `expct_hours`, `last_open_time`, `logl_del`, `last_mdfd_user`, `last_mdfd_tmst` ) VALUES ( 31, 4, 3, 1, 2, 'Title 031', 'Description 031', 26, 0, '2015-04-06 17:42:48', 36, 11, FALSE, 'TestDataLoad', '2015-04-06 17:43:19');
INSERT INTO `StTktInst` ( `tid`, `opener`, `assignee`, `aff_level`, `severity`, `title`, `description`, `catg`, `life_cycl_id`, `insrt_tmst`, `expct_hours`, `last_open_time`, `logl_del`, `last_mdfd_user`, `last_mdfd_tmst` ) VALUES ( 32, 0, 4, 2, 2, 'Title 032', 'Description 032', 12, 3, '2015-04-06 17:42:49', 1, 29, FALSE, 'TestDataLoad', '2015-04-06 17:43:21');
INSERT INTO `StTktInst` ( `tid`, `opener`, `assignee`, `aff_level`, `severity`, `title`, `description`, `catg`, `life_cycl_id`, `insrt_tmst`, `expct_hours`, `last_open_time`, `logl_del`, `last_mdfd_user`, `last_mdfd_tmst` ) VALUES ( 33, 0, 2, 1, 2, 'Title 033', 'Description 033', 9, 3, '2015-04-06 17:42:50', 9, 29, FALSE, 'TestDataLoad', '2015-04-06 17:43:23');
INSERT INTO `StTktInst` ( `tid`, `opener`, `assignee`, `aff_level`, `severity`, `title`, `description`, `catg`, `life_cycl_id`, `insrt_tmst`, `expct_hours`, `last_open_time`, `logl_del`, `last_mdfd_user`, `last_mdfd_tmst` ) VALUES ( 34, 0, 2, 0, 1, 'Title 034', 'Description 034', 36, 0, '2015-04-06 17:42:51', 10, 38, FALSE, 'TestDataLoad', '2015-04-06 17:43:25');
INSERT INTO `StTktInst` ( `tid`, `opener`, `assignee`, `aff_level`, `severity`, `title`, `description`, `catg`, `life_cycl_id`, `insrt_tmst`, `expct_hours`, `last_open_time`, `logl_del`, `last_mdfd_user`, `last_mdfd_tmst` ) VALUES ( 35, 2, 2, 1, 2, 'Title 035', 'Description 035', 33, 2, '2015-04-06 17:42:52', 20, 29, FALSE, 'TestDataLoad', '2015-04-06 17:43:27');
INSERT INTO `StTktInst` ( `tid`, `opener`, `assignee`, `aff_level`, `severity`, `title`, `description`, `catg`, `life_cycl_id`, `insrt_tmst`, `expct_hours`, `last_open_time`, `logl_del`, `last_mdfd_user`, `last_mdfd_tmst` ) VALUES ( 36, 3, 1, 1, 2, 'Title 036', 'Description 036', 28, 2, '2015-04-06 17:42:53', 13, 7, FALSE, 'TestDataLoad', '2015-04-06 17:43:29');
INSERT INTO `StTktInst` ( `tid`, `opener`, `assignee`, `aff_level`, `severity`, `title`, `description`, `catg`, `life_cycl_id`, `insrt_tmst`, `expct_hours`, `last_open_time`, `logl_del`, `last_mdfd_user`, `last_mdfd_tmst` ) VALUES ( 37, 4, 3, 1, 0, 'Title 037', 'Description 037', 36, 2, '2015-04-06 17:42:54', 1, 16, FALSE, 'TestDataLoad', '2015-04-06 17:43:31');
INSERT INTO `StTktInst` ( `tid`, `opener`, `assignee`, `aff_level`, `severity`, `title`, `description`, `catg`, `life_cycl_id`, `insrt_tmst`, `expct_hours`, `last_open_time`, `logl_del`, `last_mdfd_user`, `last_mdfd_tmst` ) VALUES ( 38, 4, 2, 0, 0, 'Title 038', 'Description 038', 20, 3, '2015-04-06 17:42:55', 30, 11, FALSE, 'TestDataLoad', '2015-04-06 17:43:33');
INSERT INTO `StTktInst` ( `tid`, `opener`, `assignee`, `aff_level`, `severity`, `title`, `description`, `catg`, `life_cycl_id`, `insrt_tmst`, `expct_hours`, `last_open_time`, `logl_del`, `last_mdfd_user`, `last_mdfd_tmst` ) VALUES ( 39, 1, 4, 2, 1, 'Title 039', 'Description 039', 0, 1, '2015-04-06 17:42:56', 29, 7, FALSE, 'TestDataLoad', '2015-04-06 17:43:35');
INSERT INTO `StTktInst` ( `tid`, `opener`, `assignee`, `aff_level`, `severity`, `title`, `description`, `catg`, `life_cycl_id`, `insrt_tmst`, `expct_hours`, `last_open_time`, `logl_del`, `last_mdfd_user`, `last_mdfd_tmst` ) VALUES ( 40, 4, 1, 0, 0, 'Title 040', 'Description 040', 6, 1, '2015-04-06 17:42:57', 9, 30, FALSE, 'TestDataLoad', '2015-04-06 17:43:37');
INSERT INTO `StTktInst` ( `tid`, `opener`, `assignee`, `aff_level`, `severity`, `title`, `description`, `catg`, `life_cycl_id`, `insrt_tmst`, `expct_hours`, `last_open_time`, `logl_del`, `last_mdfd_user`, `last_mdfd_tmst` ) VALUES ( 41, 4, 1, 2, 1, 'Title 041', 'Description 041', 19, 3, '2015-04-06 17:42:58', 21, 26, FALSE, 'TestDataLoad', '2015-04-06 17:43:39');
INSERT INTO `StTktInst` ( `tid`, `opener`, `assignee`, `aff_level`, `severity`, `title`, `description`, `catg`, `life_cycl_id`, `insrt_tmst`, `expct_hours`, `last_open_time`, `logl_del`, `last_mdfd_user`, `last_mdfd_tmst` ) VALUES ( 42, 4, 2, 1, 2, 'Title 042', 'Description 042', 19, 0, '2015-04-06 17:42:59', 2, 36, FALSE, 'TestDataLoad', '2015-04-06 17:43:41');
INSERT INTO `StTktInst` ( `tid`, `opener`, `assignee`, `aff_level`, `severity`, `title`, `description`, `catg`, `life_cycl_id`, `insrt_tmst`, `expct_hours`, `last_open_time`, `logl_del`, `last_mdfd_user`, `last_mdfd_tmst` ) VALUES ( 43, 4, 0, 0, 2, 'Title 043', 'Description 043', 12, 2, '2015-04-06 17:43:00', 24, 33, FALSE, 'TestDataLoad', '2015-04-06 17:43:43');
INSERT INTO `StTktInst` ( `tid`, `opener`, `assignee`, `aff_level`, `severity`, `title`, `description`, `catg`, `life_cycl_id`, `insrt_tmst`, `expct_hours`, `last_open_time`, `logl_del`, `last_mdfd_user`, `last_mdfd_tmst` ) VALUES ( 44, 0, 0, 2, 2, 'Title 044', 'Description 044', 33, 2, '2015-04-06 17:43:01', 16, 29, FALSE, 'TestDataLoad', '2015-04-06 17:43:45');
INSERT INTO `StTktInst` ( `tid`, `opener`, `assignee`, `aff_level`, `severity`, `title`, `description`, `catg`, `life_cycl_id`, `insrt_tmst`, `expct_hours`, `last_open_time`, `logl_del`, `last_mdfd_user`, `last_mdfd_tmst` ) VALUES ( 45, 4, 4, 0, 2, 'Title 045', 'Description 045', 44, 2, '2015-04-06 17:43:02', 4, 36, FALSE, 'TestDataLoad', '2015-04-06 17:43:47');
INSERT INTO `StTktInst` ( `tid`, `opener`, `assignee`, `aff_level`, `severity`, `title`, `description`, `catg`, `life_cycl_id`, `insrt_tmst`, `expct_hours`, `last_open_time`, `logl_del`, `last_mdfd_user`, `last_mdfd_tmst` ) VALUES ( 46, 0, 0, 2, 1, 'Title 046', 'Description 046', 40, 2, '2015-04-06 17:43:03', 2, 8, FALSE, 'TestDataLoad', '2015-04-06 17:43:49');
INSERT INTO `StTktInst` ( `tid`, `opener`, `assignee`, `aff_level`, `severity`, `title`, `description`, `catg`, `life_cycl_id`, `insrt_tmst`, `expct_hours`, `last_open_time`, `logl_del`, `last_mdfd_user`, `last_mdfd_tmst` ) VALUES ( 47, 3, 4, 2, 1, 'Title 047', 'Description 047', 44, 1, '2015-04-06 17:43:04', 38, 19, FALSE, 'TestDataLoad', '2015-04-06 17:43:51');
INSERT INTO `StTktInst` ( `tid`, `opener`, `assignee`, `aff_level`, `severity`, `title`, `description`, `catg`, `life_cycl_id`, `insrt_tmst`, `expct_hours`, `last_open_time`, `logl_del`, `last_mdfd_user`, `last_mdfd_tmst` ) VALUES ( 48, 3, 1, 1, 1, 'Title 048', 'Description 048', 29, 2, '2015-04-06 17:43:05', 11, 35, FALSE, 'TestDataLoad', '2015-04-06 17:43:53');
INSERT INTO `StTktInst` ( `tid`, `opener`, `assignee`, `aff_level`, `severity`, `title`, `description`, `catg`, `life_cycl_id`, `insrt_tmst`, `expct_hours`, `last_open_time`, `logl_del`, `last_mdfd_user`, `last_mdfd_tmst` ) VALUES ( 49, 2, 2, 1, 0, 'Title 049', 'Description 049', 10, 3, '2015-04-06 17:43:06', 7, 1, FALSE, 'TestDataLoad', '2015-04-06 17:43:55');
INSERT INTO `StTktInst` ( `tid`, `opener`, `assignee`, `aff_level`, `severity`, `title`, `description`, `catg`, `life_cycl_id`, `insrt_tmst`, `expct_hours`, `last_open_time`, `logl_del`, `last_mdfd_user`, `last_mdfd_tmst` ) VALUES ( 50, 0, 4, 1, 1, 'Title 050', 'Description 050', 44, 1, '2015-04-06 17:43:07', 13, 3, FALSE, 'TestDataLoad', '2015-04-06 17:43:57');
INSERT INTO `StTktInst` ( `tid`, `opener`, `assignee`, `aff_level`, `severity`, `title`, `description`, `catg`, `life_cycl_id`, `insrt_tmst`, `expct_hours`, `last_open_time`, `logl_del`, `last_mdfd_user`, `last_mdfd_tmst` ) VALUES ( 51, 4, 3, 2, 2, 'Title 051', 'Description 051', 42, 1, '2015-04-06 17:43:08', 9, 12, FALSE, 'TestDataLoad', '2015-04-06 17:43:59');
INSERT INTO `StTktInst` ( `tid`, `opener`, `assignee`, `aff_level`, `severity`, `title`, `description`, `catg`, `life_cycl_id`, `insrt_tmst`, `expct_hours`, `last_open_time`, `logl_del`, `last_mdfd_user`, `last_mdfd_tmst` ) VALUES ( 52, 3, 2, 2, 1, 'Title 052', 'Description 052', 10, 1, '2015-04-06 17:43:09', 1, 28, FALSE, 'TestDataLoad', '2015-04-06 17:44:01');
INSERT INTO `StTktInst` ( `tid`, `opener`, `assignee`, `aff_level`, `severity`, `title`, `description`, `catg`, `life_cycl_id`, `insrt_tmst`, `expct_hours`, `last_open_time`, `logl_del`, `last_mdfd_user`, `last_mdfd_tmst` ) VALUES ( 53, 4, 4, 1, 2, 'Title 053', 'Description 053', 23, 0, '2015-04-06 17:43:10', 34, 7, FALSE, 'TestDataLoad', '2015-04-06 17:44:03');
INSERT INTO `StTktInst` ( `tid`, `opener`, `assignee`, `aff_level`, `severity`, `title`, `description`, `catg`, `life_cycl_id`, `insrt_tmst`, `expct_hours`, `last_open_time`, `logl_del`, `last_mdfd_user`, `last_mdfd_tmst` ) VALUES ( 54, 2, 0, 2, 1, 'Title 054', 'Description 054', 7, 1, '2015-04-06 17:43:11', 30, 28, FALSE, 'TestDataLoad', '2015-04-06 17:44:05');
INSERT INTO `StTktInst` ( `tid`, `opener`, `assignee`, `aff_level`, `severity`, `title`, `description`, `catg`, `life_cycl_id`, `insrt_tmst`, `expct_hours`, `last_open_time`, `logl_del`, `last_mdfd_user`, `last_mdfd_tmst` ) VALUES ( 55, 4, 1, 1, 2, 'Title 055', 'Description 055', 8, 0, '2015-04-06 17:43:12', 2, 27, FALSE, 'TestDataLoad', '2015-04-06 17:44:07');
INSERT INTO `StTktInst` ( `tid`, `opener`, `assignee`, `aff_level`, `severity`, `title`, `description`, `catg`, `life_cycl_id`, `insrt_tmst`, `expct_hours`, `last_open_time`, `logl_del`, `last_mdfd_user`, `last_mdfd_tmst` ) VALUES ( 56, 3, 4, 2, 0, 'Title 056', 'Description 056', 16, 3, '2015-04-06 17:43:13', 5, 7, FALSE, 'TestDataLoad', '2015-04-06 17:44:09');
INSERT INTO `StTktInst` ( `tid`, `opener`, `assignee`, `aff_level`, `severity`, `title`, `description`, `catg`, `life_cycl_id`, `insrt_tmst`, `expct_hours`, `last_open_time`, `logl_del`, `last_mdfd_user`, `last_mdfd_tmst` ) VALUES ( 57, 1, 3, 0, 1, 'Title 057', 'Description 057', 4, 0, '2015-04-06 17:43:14', 15, 30, FALSE, 'TestDataLoad', '2015-04-06 17:44:11');
INSERT INTO `StTktInst` ( `tid`, `opener`, `assignee`, `aff_level`, `severity`, `title`, `description`, `catg`, `life_cycl_id`, `insrt_tmst`, `expct_hours`, `last_open_time`, `logl_del`, `last_mdfd_user`, `last_mdfd_tmst` ) VALUES ( 58, 1, 4, 1, 1, 'Title 058', 'Description 058', 11, 1, '2015-04-06 17:43:15', 31, 16, FALSE, 'TestDataLoad', '2015-04-06 17:44:13');
INSERT INTO `StTktInst` ( `tid`, `opener`, `assignee`, `aff_level`, `severity`, `title`, `description`, `catg`, `life_cycl_id`, `insrt_tmst`, `expct_hours`, `last_open_time`, `logl_del`, `last_mdfd_user`, `last_mdfd_tmst` ) VALUES ( 59, 2, 0, 0, 2, 'Title 059', 'Description 059', 0, 3, '2015-04-06 17:43:16', 23, 5, FALSE, 'TestDataLoad', '2015-04-06 17:44:15');
INSERT INTO `StTktInst` ( `tid`, `opener`, `assignee`, `aff_level`, `severity`, `title`, `description`, `catg`, `life_cycl_id`, `insrt_tmst`, `expct_hours`, `last_open_time`, `logl_del`, `last_mdfd_user`, `last_mdfd_tmst` ) VALUES ( 60, 4, 0, 1, 0, 'Title 060', 'Description 060', 46, 2, '2015-04-06 17:43:17', 39, 6, FALSE, 'TestDataLoad', '2015-04-06 17:44:17');
INSERT INTO `StTktInst` ( `tid`, `opener`, `assignee`, `aff_level`, `severity`, `title`, `description`, `catg`, `life_cycl_id`, `insrt_tmst`, `expct_hours`, `last_open_time`, `logl_del`, `last_mdfd_user`, `last_mdfd_tmst` ) VALUES ( 61, 4, 1, 0, 1, 'Title 061', 'Description 061', 20, 1, '2015-04-06 17:43:18', 23, 14, FALSE, 'TestDataLoad', '2015-04-06 17:44:19');
INSERT INTO `StTktInst` ( `tid`, `opener`, `assignee`, `aff_level`, `severity`, `title`, `description`, `catg`, `life_cycl_id`, `insrt_tmst`, `expct_hours`, `last_open_time`, `logl_del`, `last_mdfd_user`, `last_mdfd_tmst` ) VALUES ( 62, 0, 1, 1, 0, 'Title 062', 'Description 062', 48, 3, '2015-04-06 17:43:19', 37, 7, FALSE, 'TestDataLoad', '2015-04-06 17:44:21');
INSERT INTO `StTktInst` ( `tid`, `opener`, `assignee`, `aff_level`, `severity`, `title`, `description`, `catg`, `life_cycl_id`, `insrt_tmst`, `expct_hours`, `last_open_time`, `logl_del`, `last_mdfd_user`, `last_mdfd_tmst` ) VALUES ( 63, 1, 0, 0, 1, 'Title 063', 'Description 063', 37, 0, '2015-04-06 17:43:20', 21, 9, FALSE, 'TestDataLoad', '2015-04-06 17:44:23');
INSERT INTO `StTktInst` ( `tid`, `opener`, `assignee`, `aff_level`, `severity`, `title`, `description`, `catg`, `life_cycl_id`, `insrt_tmst`, `expct_hours`, `last_open_time`, `logl_del`, `last_mdfd_user`, `last_mdfd_tmst` ) VALUES ( 64, 4, 1, 2, 0, 'Title 064', 'Description 064', 30, 2, '2015-04-06 17:43:21', 33, 19, TRUE, 'TestDataLoad', '2015-04-06 17:44:25');
INSERT INTO `StTktInst` ( `tid`, `opener`, `assignee`, `aff_level`, `severity`, `title`, `description`, `catg`, `life_cycl_id`, `insrt_tmst`, `expct_hours`, `last_open_time`, `logl_del`, `last_mdfd_user`, `last_mdfd_tmst` ) VALUES ( 65, 2, 2, 1, 1, 'Title 065', 'Description 065', 32, 3, '2015-04-06 17:43:22', 32, 24, FALSE, 'TestDataLoad', '2015-04-06 17:44:27');
INSERT INTO `StTktInst` ( `tid`, `opener`, `assignee`, `aff_level`, `severity`, `title`, `description`, `catg`, `life_cycl_id`, `insrt_tmst`, `expct_hours`, `last_open_time`, `logl_del`, `last_mdfd_user`, `last_mdfd_tmst` ) VALUES ( 66, 3, 2, 1, 2, 'Title 066', 'Description 066', 44, 1, '2015-04-06 17:43:23', 17, 37, FALSE, 'TestDataLoad', '2015-04-06 17:44:29');
INSERT INTO `StTktInst` ( `tid`, `opener`, `assignee`, `aff_level`, `severity`, `title`, `description`, `catg`, `life_cycl_id`, `insrt_tmst`, `expct_hours`, `last_open_time`, `logl_del`, `last_mdfd_user`, `last_mdfd_tmst` ) VALUES ( 67, 0, 2, 2, 0, 'Title 067', 'Description 067', 21, 1, '2015-04-06 17:43:24', 31, 25, FALSE, 'TestDataLoad', '2015-04-06 17:44:31');
INSERT INTO `StTktInst` ( `tid`, `opener`, `assignee`, `aff_level`, `severity`, `title`, `description`, `catg`, `life_cycl_id`, `insrt_tmst`, `expct_hours`, `last_open_time`, `logl_del`, `last_mdfd_user`, `last_mdfd_tmst` ) VALUES ( 68, 4, 0, 2, 1, 'Title 068', 'Description 068', 38, 3, '2015-04-06 17:43:25', 36, 31, FALSE, 'TestDataLoad', '2015-04-06 17:44:33');
INSERT INTO `StTktInst` ( `tid`, `opener`, `assignee`, `aff_level`, `severity`, `title`, `description`, `catg`, `life_cycl_id`, `insrt_tmst`, `expct_hours`, `last_open_time`, `logl_del`, `last_mdfd_user`, `last_mdfd_tmst` ) VALUES ( 69, 3, 4, 2, 2, 'Title 069', 'Description 069', 32, 0, '2015-04-06 17:43:26', 12, 28, FALSE, 'TestDataLoad', '2015-04-06 17:44:35');
INSERT INTO `StTktInst` ( `tid`, `opener`, `assignee`, `aff_level`, `severity`, `title`, `description`, `catg`, `life_cycl_id`, `insrt_tmst`, `expct_hours`, `last_open_time`, `logl_del`, `last_mdfd_user`, `last_mdfd_tmst` ) VALUES ( 70, 0, 1, 0, 0, 'Title 070', 'Description 070', 7, 1, '2015-04-06 17:43:27', 22, 39, FALSE, 'TestDataLoad', '2015-04-06 17:44:37');
INSERT INTO `StTktInst` ( `tid`, `opener`, `assignee`, `aff_level`, `severity`, `title`, `description`, `catg`, `life_cycl_id`, `insrt_tmst`, `expct_hours`, `last_open_time`, `logl_del`, `last_mdfd_user`, `last_mdfd_tmst` ) VALUES ( 71, 4, 1, 0, 2, 'Title 071', 'Description 071', 32, 1, '2015-04-06 17:43:28', 12, 32, FALSE, 'TestDataLoad', '2015-04-06 17:44:39');
INSERT INTO `StTktInst` ( `tid`, `opener`, `assignee`, `aff_level`, `severity`, `title`, `description`, `catg`, `life_cycl_id`, `insrt_tmst`, `expct_hours`, `last_open_time`, `logl_del`, `last_mdfd_user`, `last_mdfd_tmst` ) VALUES ( 72, 4, 1, 2, 0, 'Title 072', 'Description 072', 11, 3, '2015-04-06 17:43:29', 12, 37, FALSE, 'TestDataLoad', '2015-04-06 17:44:41');
INSERT INTO `StTktInst` ( `tid`, `opener`, `assignee`, `aff_level`, `severity`, `title`, `description`, `catg`, `life_cycl_id`, `insrt_tmst`, `expct_hours`, `last_open_time`, `logl_del`, `last_mdfd_user`, `last_mdfd_tmst` ) VALUES ( 73, 3, 0, 0, 0, 'Title 073', 'Description 073', 17, 2, '2015-04-06 17:43:30', 37, 24, FALSE, 'TestDataLoad', '2015-04-06 17:44:43');
INSERT INTO `StTktInst` ( `tid`, `opener`, `assignee`, `aff_level`, `severity`, `title`, `description`, `catg`, `life_cycl_id`, `insrt_tmst`, `expct_hours`, `last_open_time`, `logl_del`, `last_mdfd_user`, `last_mdfd_tmst` ) VALUES ( 74, 2, 0, 2, 0, 'Title 074', 'Description 074', 20, 3, '2015-04-06 17:43:31', 24, 13, FALSE, 'TestDataLoad', '2015-04-06 17:44:45');
INSERT INTO `StTktInst` ( `tid`, `opener`, `assignee`, `aff_level`, `severity`, `title`, `description`, `catg`, `life_cycl_id`, `insrt_tmst`, `expct_hours`, `last_open_time`, `logl_del`, `last_mdfd_user`, `last_mdfd_tmst` ) VALUES ( 75, 3, 3, 1, 2, 'Title 075', 'Description 075', 38, 3, '2015-04-06 17:43:32', 26, 30, FALSE, 'TestDataLoad', '2015-04-06 17:44:47');
INSERT INTO `StTktInst` ( `tid`, `opener`, `assignee`, `aff_level`, `severity`, `title`, `description`, `catg`, `life_cycl_id`, `insrt_tmst`, `expct_hours`, `last_open_time`, `logl_del`, `last_mdfd_user`, `last_mdfd_tmst` ) VALUES ( 76, 4, 3, 1, 1, 'Title 076', 'Description 076', 5, 1, '2015-04-06 17:43:33', 25, 23, FALSE, 'TestDataLoad', '2015-04-06 17:44:49');
INSERT INTO `StTktInst` ( `tid`, `opener`, `assignee`, `aff_level`, `severity`, `title`, `description`, `catg`, `life_cycl_id`, `insrt_tmst`, `expct_hours`, `last_open_time`, `logl_del`, `last_mdfd_user`, `last_mdfd_tmst` ) VALUES ( 77, 0, 2, 0, 2, 'Title 077', 'Description 077', 10, 2, '2015-04-06 17:43:34', 24, 28, FALSE, 'TestDataLoad', '2015-04-06 17:44:51');
INSERT INTO `StTktInst` ( `tid`, `opener`, `assignee`, `aff_level`, `severity`, `title`, `description`, `catg`, `life_cycl_id`, `insrt_tmst`, `expct_hours`, `last_open_time`, `logl_del`, `last_mdfd_user`, `last_mdfd_tmst` ) VALUES ( 78, 1, 0, 0, 2, 'Title 078', 'Description 078', 35, 0, '2015-04-06 17:43:35', 31, 25, FALSE, 'TestDataLoad', '2015-04-06 17:44:53');
INSERT INTO `StTktInst` ( `tid`, `opener`, `assignee`, `aff_level`, `severity`, `title`, `description`, `catg`, `life_cycl_id`, `insrt_tmst`, `expct_hours`, `last_open_time`, `logl_del`, `last_mdfd_user`, `last_mdfd_tmst` ) VALUES ( 79, 4, 4, 1, 0, 'Title 079', 'Description 079', 45, 2, '2015-04-06 17:43:36', 14, 35, FALSE, 'TestDataLoad', '2015-04-06 17:44:55');
INSERT INTO `StTktInst` ( `tid`, `opener`, `assignee`, `aff_level`, `severity`, `title`, `description`, `catg`, `life_cycl_id`, `insrt_tmst`, `expct_hours`, `last_open_time`, `logl_del`, `last_mdfd_user`, `last_mdfd_tmst` ) VALUES ( 80, 3, 1, 1, 0, 'Title 080', 'Description 080', 42, 1, '2015-04-06 17:43:37', 37, 8, FALSE, 'TestDataLoad', '2015-04-06 17:44:57');
INSERT INTO `StTktInst` ( `tid`, `opener`, `assignee`, `aff_level`, `severity`, `title`, `description`, `catg`, `life_cycl_id`, `insrt_tmst`, `expct_hours`, `last_open_time`, `logl_del`, `last_mdfd_user`, `last_mdfd_tmst` ) VALUES ( 81, 1, 1, 1, 1, 'Title 081', 'Description 081', 34, 3, '2015-04-06 17:43:38', 29, 35, FALSE, 'TestDataLoad', '2015-04-06 17:44:59');
INSERT INTO `StTktInst` ( `tid`, `opener`, `assignee`, `aff_level`, `severity`, `title`, `description`, `catg`, `life_cycl_id`, `insrt_tmst`, `expct_hours`, `last_open_time`, `logl_del`, `last_mdfd_user`, `last_mdfd_tmst` ) VALUES ( 82, 0, 0, 1, 2, 'Title 082', 'Description 082', 1, 3, '2015-04-06 17:43:39', 37, 16, TRUE, 'TestDataLoad', '2015-04-06 17:45:01');
INSERT INTO `StTktInst` ( `tid`, `opener`, `assignee`, `aff_level`, `severity`, `title`, `description`, `catg`, `life_cycl_id`, `insrt_tmst`, `expct_hours`, `last_open_time`, `logl_del`, `last_mdfd_user`, `last_mdfd_tmst` ) VALUES ( 83, 2, 2, 0, 2, 'Title 083', 'Description 083', 38, 0, '2015-04-06 17:43:40', 22, 10, FALSE, 'TestDataLoad', '2015-04-06 17:45:03');
INSERT INTO `StTktInst` ( `tid`, `opener`, `assignee`, `aff_level`, `severity`, `title`, `description`, `catg`, `life_cycl_id`, `insrt_tmst`, `expct_hours`, `last_open_time`, `logl_del`, `last_mdfd_user`, `last_mdfd_tmst` ) VALUES ( 84, 1, 2, 0, 0, 'Title 084', 'Description 084', 12, 1, '2015-04-06 17:43:41', 8, 5, FALSE, 'TestDataLoad', '2015-04-06 17:45:05');
INSERT INTO `StTktInst` ( `tid`, `opener`, `assignee`, `aff_level`, `severity`, `title`, `description`, `catg`, `life_cycl_id`, `insrt_tmst`, `expct_hours`, `last_open_time`, `logl_del`, `last_mdfd_user`, `last_mdfd_tmst` ) VALUES ( 85, 3, 0, 2, 0, 'Title 085', 'Description 085', 20, 2, '2015-04-06 17:43:42', 17, 10, FALSE, 'TestDataLoad', '2015-04-06 17:45:07');
INSERT INTO `StTktInst` ( `tid`, `opener`, `assignee`, `aff_level`, `severity`, `title`, `description`, `catg`, `life_cycl_id`, `insrt_tmst`, `expct_hours`, `last_open_time`, `logl_del`, `last_mdfd_user`, `last_mdfd_tmst` ) VALUES ( 86, 4, 4, 2, 1, 'Title 086', 'Description 086', 42, 1, '2015-04-06 17:43:43', 35, 3, FALSE, 'TestDataLoad', '2015-04-06 17:45:09');
INSERT INTO `StTktInst` ( `tid`, `opener`, `assignee`, `aff_level`, `severity`, `title`, `description`, `catg`, `life_cycl_id`, `insrt_tmst`, `expct_hours`, `last_open_time`, `logl_del`, `last_mdfd_user`, `last_mdfd_tmst` ) VALUES ( 87, 4, 3, 2, 0, 'Title 087', 'Description 087', 40, 3, '2015-04-06 17:43:44', 6, 19, FALSE, 'TestDataLoad', '2015-04-06 17:45:11');
INSERT INTO `StTktInst` ( `tid`, `opener`, `assignee`, `aff_level`, `severity`, `title`, `description`, `catg`, `life_cycl_id`, `insrt_tmst`, `expct_hours`, `last_open_time`, `logl_del`, `last_mdfd_user`, `last_mdfd_tmst` ) VALUES ( 88, 0, 2, 0, 2, 'Title 088', 'Description 088', 40, 3, '2015-04-06 17:43:45', 33, 21, FALSE, 'TestDataLoad', '2015-04-06 17:45:13');
INSERT INTO `StTktInst` ( `tid`, `opener`, `assignee`, `aff_level`, `severity`, `title`, `description`, `catg`, `life_cycl_id`, `insrt_tmst`, `expct_hours`, `last_open_time`, `logl_del`, `last_mdfd_user`, `last_mdfd_tmst` ) VALUES ( 89, 0, 0, 0, 1, 'Title 089', 'Description 089', 5, 2, '2015-04-06 17:43:46', 11, 16, FALSE, 'TestDataLoad', '2015-04-06 17:45:15');
INSERT INTO `StTktInst` ( `tid`, `opener`, `assignee`, `aff_level`, `severity`, `title`, `description`, `catg`, `life_cycl_id`, `insrt_tmst`, `expct_hours`, `last_open_time`, `logl_del`, `last_mdfd_user`, `last_mdfd_tmst` ) VALUES ( 90, 2, 3, 1, 0, 'Title 090', 'Description 090', 35, 2, '2015-04-06 17:43:47', 29, 39, FALSE, 'TestDataLoad', '2015-04-06 17:45:17');
INSERT INTO `StTktInst` ( `tid`, `opener`, `assignee`, `aff_level`, `severity`, `title`, `description`, `catg`, `life_cycl_id`, `insrt_tmst`, `expct_hours`, `last_open_time`, `logl_del`, `last_mdfd_user`, `last_mdfd_tmst` ) VALUES ( 91, 2, 0, 0, 1, 'Title 091', 'Description 091', 32, 0, '2015-04-06 17:43:48', 18, 23, FALSE, 'TestDataLoad', '2015-04-06 17:45:19');
INSERT INTO `StTktInst` ( `tid`, `opener`, `assignee`, `aff_level`, `severity`, `title`, `description`, `catg`, `life_cycl_id`, `insrt_tmst`, `expct_hours`, `last_open_time`, `logl_del`, `last_mdfd_user`, `last_mdfd_tmst` ) VALUES ( 92, 1, 4, 2, 2, 'Title 092', 'Description 092', 31, 0, '2015-04-06 17:43:49', 30, 36, FALSE, 'TestDataLoad', '2015-04-06 17:45:21');
INSERT INTO `StTktInst` ( `tid`, `opener`, `assignee`, `aff_level`, `severity`, `title`, `description`, `catg`, `life_cycl_id`, `insrt_tmst`, `expct_hours`, `last_open_time`, `logl_del`, `last_mdfd_user`, `last_mdfd_tmst` ) VALUES ( 93, 3, 3, 1, 1, 'Title 093', 'Description 093', 27, 3, '2015-04-06 17:43:50', 26, 37, FALSE, 'TestDataLoad', '2015-04-06 17:45:23');
INSERT INTO `StTktInst` ( `tid`, `opener`, `assignee`, `aff_level`, `severity`, `title`, `description`, `catg`, `life_cycl_id`, `insrt_tmst`, `expct_hours`, `last_open_time`, `logl_del`, `last_mdfd_user`, `last_mdfd_tmst` ) VALUES ( 94, 0, 4, 1, 1, 'Title 094', 'Description 094', 21, 1, '2015-04-06 17:43:51', 25, 22, FALSE, 'TestDataLoad', '2015-04-06 17:45:25');
INSERT INTO `StTktInst` ( `tid`, `opener`, `assignee`, `aff_level`, `severity`, `title`, `description`, `catg`, `life_cycl_id`, `insrt_tmst`, `expct_hours`, `last_open_time`, `logl_del`, `last_mdfd_user`, `last_mdfd_tmst` ) VALUES ( 95, 3, 1, 2, 0, 'Title 095', 'Description 095', 31, 1, '2015-04-06 17:43:52', 0, 13, FALSE, 'TestDataLoad', '2015-04-06 17:45:27');
INSERT INTO `StTktInst` ( `tid`, `opener`, `assignee`, `aff_level`, `severity`, `title`, `description`, `catg`, `life_cycl_id`, `insrt_tmst`, `expct_hours`, `last_open_time`, `logl_del`, `last_mdfd_user`, `last_mdfd_tmst` ) VALUES ( 96, 4, 1, 1, 1, 'Title 096', 'Description 096', 0, 0, '2015-04-06 17:43:53', 37, 8, FALSE, 'TestDataLoad', '2015-04-06 17:45:29');
INSERT INTO `StTktInst` ( `tid`, `opener`, `assignee`, `aff_level`, `severity`, `title`, `description`, `catg`, `life_cycl_id`, `insrt_tmst`, `expct_hours`, `last_open_time`, `logl_del`, `last_mdfd_user`, `last_mdfd_tmst` ) VALUES ( 97, 2, 3, 1, 2, 'Title 097', 'Description 097', 22, 0, '2015-04-06 17:43:54', 17, 26, FALSE, 'TestDataLoad', '2015-04-06 17:45:31');
INSERT INTO `StTktInst` ( `tid`, `opener`, `assignee`, `aff_level`, `severity`, `title`, `description`, `catg`, `life_cycl_id`, `insrt_tmst`, `expct_hours`, `last_open_time`, `logl_del`, `last_mdfd_user`, `last_mdfd_tmst` ) VALUES ( 98, 4, 4, 2, 1, 'Title 098', 'Description 098', 11, 3, '2015-04-06 17:43:55', 1, 18, FALSE, 'TestDataLoad', '2015-04-06 17:45:33');
INSERT INTO `StTktInst` ( `tid`, `opener`, `assignee`, `aff_level`, `severity`, `title`, `description`, `catg`, `life_cycl_id`, `insrt_tmst`, `expct_hours`, `last_open_time`, `logl_del`, `last_mdfd_user`, `last_mdfd_tmst` ) VALUES ( 99, 3, 4, 0, 0, 'Title 099', 'Description 099', 36, 0, '2015-04-06 17:43:56', 17, 0, FALSE, 'TestDataLoad', '2015-04-06 17:45:35');

--
-- Software
--
INSERT INTO `StSftInst` ( `sid`, `name`, `logl_del`, `last_mdfd_user`, `last_mdfd_tmst` ) VALUES ( 0, "Microsoft Windows"              , FALSE, 'TestDataLoad', '2001-01-01 00:00:00' );
INSERT INTO `StSftInst` ( `sid`, `name`, `logl_del`, `last_mdfd_user`, `last_mdfd_tmst` ) VALUES ( 1, "Microsoft Office"               , FALSE, 'TestDataLoad', '2001-01-01 00:00:00' );
INSERT INTO `StSftInst` ( `sid`, `name`, `logl_del`, `last_mdfd_user`, `last_mdfd_tmst` ) VALUES ( 2, "Linux"                          , FALSE, 'TestDataLoad', '2001-01-01 00:00:00' );
INSERT INTO `StSftInst` ( `sid`, `name`, `logl_del`, `last_mdfd_user`, `last_mdfd_tmst` ) VALUES ( 3, "MySQL"                          , FALSE, 'TestDataLoad', '2001-01-01 00:00:00' );
INSERT INTO `StSftInst` ( `sid`, `name`, `logl_del`, `last_mdfd_user`, `last_mdfd_tmst` ) VALUES ( 4, "Adobe Photoshop"                , FALSE, 'TestDataLoad', '2001-01-01 00:00:00' );
INSERT INTO `StSftInst` ( `sid`, `name`, `logl_del`, `last_mdfd_user`, `last_mdfd_tmst` ) VALUES ( 5, "Microsoft Visual Studio 2003"   , FALSE, 'TestDataLoad', '2001-01-01 00:00:00' );
INSERT INTO `StSftInst` ( `sid`, `name`, `logl_del`, `last_mdfd_user`, `last_mdfd_tmst` ) VALUES ( 6, "EditPlus2"                      , FALSE, 'TestDataLoad', '2001-01-01 00:00:00' );
INSERT INTO `StSftInst` ( `sid`, `name`, `logl_del`, `last_mdfd_user`, `last_mdfd_tmst` ) VALUES ( 7, "Putty"                          , FALSE, 'TestDataLoad', '2001-01-01 00:00:00' );
INSERT INTO `StSftInst` ( `sid`, `name`, `logl_del`, `last_mdfd_user`, `last_mdfd_tmst` ) VALUES ( 8, "Google Chrome"                  , FALSE, 'TestDataLoad', '2001-01-01 00:00:00' );
INSERT INTO `StSftInst` ( `sid`, `name`, `logl_del`, `last_mdfd_user`, `last_mdfd_tmst` ) VALUES ( 9, "Internet Explorer"              , FALSE, 'TestDataLoad', '2001-01-01 00:00:00' );
INSERT INTO `StSftInst` ( `sid`, `name`, `logl_del`, `last_mdfd_user`, `last_mdfd_tmst` ) VALUES ( 10, "Mozilla FireFox"               , FALSE, 'TestDataLoad', '2001-01-01 00:00:00' );
INSERT INTO `StSftInst` ( `sid`, `name`, `logl_del`, `last_mdfd_user`, `last_mdfd_tmst` ) VALUES ( 11, "Notepad"                       , FALSE, 'TestDataLoad', '2001-01-01 00:00:00' );
INSERT INTO `StSftInst` ( `sid`, `name`, `logl_del`, `last_mdfd_user`, `last_mdfd_tmst` ) VALUES ( 12, "Skype"                         , FALSE, 'TestDataLoad', '2001-01-01 00:00:00' );
INSERT INTO `StSftInst` ( `sid`, `name`, `logl_del`, `last_mdfd_user`, `last_mdfd_tmst` ) VALUES ( 13, "Wordpad"                       , FALSE, 'TestDataLoad', '2001-01-01 00:00:00' );
INSERT INTO `StSftInst` ( `sid`, `name`, `logl_del`, `last_mdfd_user`, `last_mdfd_tmst` ) VALUES ( 14, "Calculator"                    , FALSE, 'TestDataLoad', '2001-01-01 00:00:00' );
INSERT INTO `StSftInst` ( `sid`, `name`, `logl_del`, `last_mdfd_user`, `last_mdfd_tmst` ) VALUES ( 15, "uTorrent"                      , FALSE, 'TestDataLoad', '2001-01-01 00:00:00' );
INSERT INTO `StSftInst` ( `sid`, `name`, `logl_del`, `last_mdfd_user`, `last_mdfd_tmst` ) VALUES ( 16, "Java"                          , FALSE, 'TestDataLoad', '2001-01-01 00:00:00' );
INSERT INTO `StSftInst` ( `sid`, `name`, `logl_del`, `last_mdfd_user`, `last_mdfd_tmst` ) VALUES ( 17, "Python 2.6.6"                  , FALSE, 'TestDataLoad', '2001-01-01 00:00:00' );
INSERT INTO `StSftInst` ( `sid`, `name`, `logl_del`, `last_mdfd_user`, `last_mdfd_tmst` ) VALUES ( 18, "WinRAR"                        , FALSE, 'TestDataLoad', '2001-01-01 00:00:00' );
INSERT INTO `StSftInst` ( `sid`, `name`, `logl_del`, `last_mdfd_user`, `last_mdfd_tmst` ) VALUES ( 19, "XAMPP"                         , FALSE, 'TestDataLoad', '2001-01-01 00:00:00' );

-- 
-- Hardware
-- 
INSERT INTO `StEqpInst` ( `eid`, `name`, `vendor`, `model`, `serial`, `type`, `loc`, `status`, `logl_del`, `last_mdfd_user`, `last_mdfd_tmst` ) VALUES ( 0, 'Hardware 000', 'Vendor 000', 'Model 000', 'Title 000', 'Type 000', '000', 'CHOT', FALSE, 'TestDataLoad', '2015-04-07 18:46:35' );
INSERT INTO `StEqpInst` ( `eid`, `name`, `vendor`, `model`, `serial`, `type`, `loc`, `status`, `logl_del`, `last_mdfd_user`, `last_mdfd_tmst` ) VALUES ( 1, 'Hardware 001', 'Vendor 001', 'Model 001', 'Title 001', 'Type 001', '001', 'BRKN', FALSE, 'TestDataLoad', '2015-04-07 18:46:37' );
INSERT INTO `StEqpInst` ( `eid`, `name`, `vendor`, `model`, `serial`, `type`, `loc`, `status`, `logl_del`, `last_mdfd_user`, `last_mdfd_tmst` ) VALUES ( 2, 'Hardware 002', 'Vendor 002', 'Model 002', 'Title 002', 'Type 002', '002', 'BRKN', FALSE, 'TestDataLoad', '2015-04-07 18:46:39' );
INSERT INTO `StEqpInst` ( `eid`, `name`, `vendor`, `model`, `serial`, `type`, `loc`, `status`, `logl_del`, `last_mdfd_user`, `last_mdfd_tmst` ) VALUES ( 3, 'Hardware 003', 'Vendor 003', 'Model 003', 'Title 003', 'Type 003', '003', 'BRKN', FALSE, 'TestDataLoad', '2015-04-07 18:46:41' );
INSERT INTO `StEqpInst` ( `eid`, `name`, `vendor`, `model`, `serial`, `type`, `loc`, `status`, `logl_del`, `last_mdfd_user`, `last_mdfd_tmst` ) VALUES ( 4, 'Hardware 004', 'Vendor 004', 'Model 004', 'Title 004', 'Type 004', '004', 'CHOT', FALSE, 'TestDataLoad', '2015-04-07 18:46:43' );
INSERT INTO `StEqpInst` ( `eid`, `name`, `vendor`, `model`, `serial`, `type`, `loc`, `status`, `logl_del`, `last_mdfd_user`, `last_mdfd_tmst` ) VALUES ( 5, 'Hardware 005', 'Vendor 005', 'Model 005', 'Title 005', 'Type 005', '005', 'BRKN', FALSE, 'TestDataLoad', '2015-04-07 18:46:45' );
INSERT INTO `StEqpInst` ( `eid`, `name`, `vendor`, `model`, `serial`, `type`, `loc`, `status`, `logl_del`, `last_mdfd_user`, `last_mdfd_tmst` ) VALUES ( 6, 'Hardware 006', 'Vendor 006', 'Model 006', 'Title 006', 'Type 006', '006', 'CHIN', FALSE, 'TestDataLoad', '2015-04-07 18:46:47' );
INSERT INTO `StEqpInst` ( `eid`, `name`, `vendor`, `model`, `serial`, `type`, `loc`, `status`, `logl_del`, `last_mdfd_user`, `last_mdfd_tmst` ) VALUES ( 7, 'Hardware 007', 'Vendor 007', 'Model 007', 'Title 007', 'Type 007', '007', 'CHOT', FALSE, 'TestDataLoad', '2015-04-07 18:46:49' );
INSERT INTO `StEqpInst` ( `eid`, `name`, `vendor`, `model`, `serial`, `type`, `loc`, `status`, `logl_del`, `last_mdfd_user`, `last_mdfd_tmst` ) VALUES ( 8, 'Hardware 008', 'Vendor 008', 'Model 008', 'Title 008', 'Type 008', '008', 'CHIN',  TRUE, 'TestDataLoad', '2015-04-07 18:46:51' );
INSERT INTO `StEqpInst` ( `eid`, `name`, `vendor`, `model`, `serial`, `type`, `loc`, `status`, `logl_del`, `last_mdfd_user`, `last_mdfd_tmst` ) VALUES ( 9, 'Hardware 009', 'Vendor 009', 'Model 009', 'Title 009', 'Type 009', '009', 'CHIN', FALSE, 'TestDataLoad', '2015-04-07 18:46:53' );
INSERT INTO `StEqpInst` ( `eid`, `name`, `vendor`, `model`, `serial`, `type`, `loc`, `status`, `logl_del`, `last_mdfd_user`, `last_mdfd_tmst` ) VALUES ( 10, 'Hardware 010', 'Vendor 010', 'Model 010', 'Title 010', 'Type 010', '010', 'BRKN', FALSE, 'TestDataLoad', '2015-04-07 18:46:55' );
INSERT INTO `StEqpInst` ( `eid`, `name`, `vendor`, `model`, `serial`, `type`, `loc`, `status`, `logl_del`, `last_mdfd_user`, `last_mdfd_tmst` ) VALUES ( 11, 'Hardware 011', 'Vendor 011', 'Model 011', 'Title 011', 'Type 011', '011', 'CHIN', FALSE, 'TestDataLoad', '2015-04-07 18:46:57' );
INSERT INTO `StEqpInst` ( `eid`, `name`, `vendor`, `model`, `serial`, `type`, `loc`, `status`, `logl_del`, `last_mdfd_user`, `last_mdfd_tmst` ) VALUES ( 12, 'Hardware 012', 'Vendor 012', 'Model 012', 'Title 012', 'Type 012', '012', 'CHIN', FALSE, 'TestDataLoad', '2015-04-07 18:46:59' );
INSERT INTO `StEqpInst` ( `eid`, `name`, `vendor`, `model`, `serial`, `type`, `loc`, `status`, `logl_del`, `last_mdfd_user`, `last_mdfd_tmst` ) VALUES ( 13, 'Hardware 013', 'Vendor 013', 'Model 013', 'Title 013', 'Type 013', '013', 'CHIN', FALSE, 'TestDataLoad', '2015-04-07 18:47:01' );
INSERT INTO `StEqpInst` ( `eid`, `name`, `vendor`, `model`, `serial`, `type`, `loc`, `status`, `logl_del`, `last_mdfd_user`, `last_mdfd_tmst` ) VALUES ( 14, 'Hardware 014', 'Vendor 014', 'Model 014', 'Title 014', 'Type 014', '014', 'CHIN', FALSE, 'TestDataLoad', '2015-04-07 18:47:03' );
INSERT INTO `StEqpInst` ( `eid`, `name`, `vendor`, `model`, `serial`, `type`, `loc`, `status`, `logl_del`, `last_mdfd_user`, `last_mdfd_tmst` ) VALUES ( 15, 'Hardware 015', 'Vendor 015', 'Model 015', 'Title 015', 'Type 015', '015', 'BRKN', FALSE, 'TestDataLoad', '2015-04-07 18:47:05' );
INSERT INTO `StEqpInst` ( `eid`, `name`, `vendor`, `model`, `serial`, `type`, `loc`, `status`, `logl_del`, `last_mdfd_user`, `last_mdfd_tmst` ) VALUES ( 16, 'Hardware 016', 'Vendor 016', 'Model 016', 'Title 016', 'Type 016', '016', 'CHOT', FALSE, 'TestDataLoad', '2015-04-07 18:47:07' );
INSERT INTO `StEqpInst` ( `eid`, `name`, `vendor`, `model`, `serial`, `type`, `loc`, `status`, `logl_del`, `last_mdfd_user`, `last_mdfd_tmst` ) VALUES ( 17, 'Hardware 017', 'Vendor 017', 'Model 017', 'Title 017', 'Type 017', '017', 'CHIN', FALSE, 'TestDataLoad', '2015-04-07 18:47:09' );
INSERT INTO `StEqpInst` ( `eid`, `name`, `vendor`, `model`, `serial`, `type`, `loc`, `status`, `logl_del`, `last_mdfd_user`, `last_mdfd_tmst` ) VALUES ( 18, 'Hardware 018', 'Vendor 018', 'Model 018', 'Title 018', 'Type 018', '018', 'BRKN', FALSE, 'TestDataLoad', '2015-04-07 18:47:11' );
INSERT INTO `StEqpInst` ( `eid`, `name`, `vendor`, `model`, `serial`, `type`, `loc`, `status`, `logl_del`, `last_mdfd_user`, `last_mdfd_tmst` ) VALUES ( 19, 'Hardware 019', 'Vendor 019', 'Model 019', 'Title 019', 'Type 019', '019', 'CHOT', FALSE, 'TestDataLoad', '2015-04-07 18:47:13' );
INSERT INTO `StEqpInst` ( `eid`, `name`, `vendor`, `model`, `serial`, `type`, `loc`, `status`, `logl_del`, `last_mdfd_user`, `last_mdfd_tmst` ) VALUES ( 20, 'Hardware 020', 'Vendor 020', 'Model 020', 'Title 020', 'Type 020', '020', 'CHOT', FALSE, 'TestDataLoad', '2015-04-07 18:47:15' );
INSERT INTO `StEqpInst` ( `eid`, `name`, `vendor`, `model`, `serial`, `type`, `loc`, `status`, `logl_del`, `last_mdfd_user`, `last_mdfd_tmst` ) VALUES ( 21, 'Hardware 021', 'Vendor 021', 'Model 021', 'Title 021', 'Type 021', '021', 'CHOT', FALSE, 'TestDataLoad', '2015-04-07 18:47:17' );
INSERT INTO `StEqpInst` ( `eid`, `name`, `vendor`, `model`, `serial`, `type`, `loc`, `status`, `logl_del`, `last_mdfd_user`, `last_mdfd_tmst` ) VALUES ( 22, 'Hardware 022', 'Vendor 022', 'Model 022', 'Title 022', 'Type 022', '022', 'BRKN', FALSE, 'TestDataLoad', '2015-04-07 18:47:19' );
INSERT INTO `StEqpInst` ( `eid`, `name`, `vendor`, `model`, `serial`, `type`, `loc`, `status`, `logl_del`, `last_mdfd_user`, `last_mdfd_tmst` ) VALUES ( 23, 'Hardware 023', 'Vendor 023', 'Model 023', 'Title 023', 'Type 023', '023', 'BRKN', FALSE, 'TestDataLoad', '2015-04-07 18:47:21' );
INSERT INTO `StEqpInst` ( `eid`, `name`, `vendor`, `model`, `serial`, `type`, `loc`, `status`, `logl_del`, `last_mdfd_user`, `last_mdfd_tmst` ) VALUES ( 24, 'Hardware 024', 'Vendor 024', 'Model 024', 'Title 024', 'Type 024', '024', 'CHOT', FALSE, 'TestDataLoad', '2015-04-07 18:47:23' );
INSERT INTO `StEqpInst` ( `eid`, `name`, `vendor`, `model`, `serial`, `type`, `loc`, `status`, `logl_del`, `last_mdfd_user`, `last_mdfd_tmst` ) VALUES ( 25, 'Hardware 025', 'Vendor 025', 'Model 025', 'Title 025', 'Type 025', '025', 'CHOT', FALSE, 'TestDataLoad', '2015-04-07 18:47:25' );
INSERT INTO `StEqpInst` ( `eid`, `name`, `vendor`, `model`, `serial`, `type`, `loc`, `status`, `logl_del`, `last_mdfd_user`, `last_mdfd_tmst` ) VALUES ( 26, 'Hardware 026', 'Vendor 026', 'Model 026', 'Title 026', 'Type 026', '026', 'BRKN', FALSE, 'TestDataLoad', '2015-04-07 18:47:27' );
INSERT INTO `StEqpInst` ( `eid`, `name`, `vendor`, `model`, `serial`, `type`, `loc`, `status`, `logl_del`, `last_mdfd_user`, `last_mdfd_tmst` ) VALUES ( 27, 'Hardware 027', 'Vendor 027', 'Model 027', 'Title 027', 'Type 027', '027', 'BRKN', FALSE, 'TestDataLoad', '2015-04-07 18:47:29' );
INSERT INTO `StEqpInst` ( `eid`, `name`, `vendor`, `model`, `serial`, `type`, `loc`, `status`, `logl_del`, `last_mdfd_user`, `last_mdfd_tmst` ) VALUES ( 28, 'Hardware 028', 'Vendor 028', 'Model 028', 'Title 028', 'Type 028', '028', 'BRKN', FALSE, 'TestDataLoad', '2015-04-07 18:47:31' );
INSERT INTO `StEqpInst` ( `eid`, `name`, `vendor`, `model`, `serial`, `type`, `loc`, `status`, `logl_del`, `last_mdfd_user`, `last_mdfd_tmst` ) VALUES ( 29, 'Hardware 029', 'Vendor 029', 'Model 029', 'Title 029', 'Type 029', '029', 'BRKN', FALSE, 'TestDataLoad', '2015-04-07 18:47:33' );
INSERT INTO `StEqpInst` ( `eid`, `name`, `vendor`, `model`, `serial`, `type`, `loc`, `status`, `logl_del`, `last_mdfd_user`, `last_mdfd_tmst` ) VALUES ( 30, 'Hardware 030', 'Vendor 030', 'Model 030', 'Title 030', 'Type 030', '030', 'CHIN', FALSE, 'TestDataLoad', '2015-04-07 18:47:35' );
INSERT INTO `StEqpInst` ( `eid`, `name`, `vendor`, `model`, `serial`, `type`, `loc`, `status`, `logl_del`, `last_mdfd_user`, `last_mdfd_tmst` ) VALUES ( 31, 'Hardware 031', 'Vendor 031', 'Model 031', 'Title 031', 'Type 031', '031', 'BRKN', FALSE, 'TestDataLoad', '2015-04-07 18:47:37' );
INSERT INTO `StEqpInst` ( `eid`, `name`, `vendor`, `model`, `serial`, `type`, `loc`, `status`, `logl_del`, `last_mdfd_user`, `last_mdfd_tmst` ) VALUES ( 32, 'Hardware 032', 'Vendor 032', 'Model 032', 'Title 032', 'Type 032', '032', 'CHOT', FALSE, 'TestDataLoad', '2015-04-07 18:47:39' );
INSERT INTO `StEqpInst` ( `eid`, `name`, `vendor`, `model`, `serial`, `type`, `loc`, `status`, `logl_del`, `last_mdfd_user`, `last_mdfd_tmst` ) VALUES ( 33, 'Hardware 033', 'Vendor 033', 'Model 033', 'Title 033', 'Type 033', '033', 'CHOT', FALSE, 'TestDataLoad', '2015-04-07 18:47:41' );
INSERT INTO `StEqpInst` ( `eid`, `name`, `vendor`, `model`, `serial`, `type`, `loc`, `status`, `logl_del`, `last_mdfd_user`, `last_mdfd_tmst` ) VALUES ( 34, 'Hardware 034', 'Vendor 034', 'Model 034', 'Title 034', 'Type 034', '034', 'BRKN', FALSE, 'TestDataLoad', '2015-04-07 18:47:43' );
INSERT INTO `StEqpInst` ( `eid`, `name`, `vendor`, `model`, `serial`, `type`, `loc`, `status`, `logl_del`, `last_mdfd_user`, `last_mdfd_tmst` ) VALUES ( 35, 'Hardware 035', 'Vendor 035', 'Model 035', 'Title 035', 'Type 035', '035', 'CHIN', FALSE, 'TestDataLoad', '2015-04-07 18:47:45' );
INSERT INTO `StEqpInst` ( `eid`, `name`, `vendor`, `model`, `serial`, `type`, `loc`, `status`, `logl_del`, `last_mdfd_user`, `last_mdfd_tmst` ) VALUES ( 36, 'Hardware 036', 'Vendor 036', 'Model 036', 'Title 036', 'Type 036', '036', 'CHIN', FALSE, 'TestDataLoad', '2015-04-07 18:47:47' );
INSERT INTO `StEqpInst` ( `eid`, `name`, `vendor`, `model`, `serial`, `type`, `loc`, `status`, `logl_del`, `last_mdfd_user`, `last_mdfd_tmst` ) VALUES ( 37, 'Hardware 037', 'Vendor 037', 'Model 037', 'Title 037', 'Type 037', '037', 'CHOT', FALSE, 'TestDataLoad', '2015-04-07 18:47:49' );
INSERT INTO `StEqpInst` ( `eid`, `name`, `vendor`, `model`, `serial`, `type`, `loc`, `status`, `logl_del`, `last_mdfd_user`, `last_mdfd_tmst` ) VALUES ( 38, 'Hardware 038', 'Vendor 038', 'Model 038', 'Title 038', 'Type 038', '038', 'CHIN', FALSE, 'TestDataLoad', '2015-04-07 18:47:51' );
INSERT INTO `StEqpInst` ( `eid`, `name`, `vendor`, `model`, `serial`, `type`, `loc`, `status`, `logl_del`, `last_mdfd_user`, `last_mdfd_tmst` ) VALUES ( 39, 'Hardware 039', 'Vendor 039', 'Model 039', 'Title 039', 'Type 039', '039', 'CHIN', FALSE, 'TestDataLoad', '2015-04-07 18:47:53' );
INSERT INTO `StEqpInst` ( `eid`, `name`, `vendor`, `model`, `serial`, `type`, `loc`, `status`, `logl_del`, `last_mdfd_user`, `last_mdfd_tmst` ) VALUES ( 40, 'Hardware 040', 'Vendor 040', 'Model 040', 'Title 040', 'Type 040', '040', 'CHIN', FALSE, 'TestDataLoad', '2015-04-07 18:47:55' );
INSERT INTO `StEqpInst` ( `eid`, `name`, `vendor`, `model`, `serial`, `type`, `loc`, `status`, `logl_del`, `last_mdfd_user`, `last_mdfd_tmst` ) VALUES ( 41, 'Hardware 041', 'Vendor 041', 'Model 041', 'Title 041', 'Type 041', '041', 'CHIN', FALSE, 'TestDataLoad', '2015-04-07 18:47:57' );
INSERT INTO `StEqpInst` ( `eid`, `name`, `vendor`, `model`, `serial`, `type`, `loc`, `status`, `logl_del`, `last_mdfd_user`, `last_mdfd_tmst` ) VALUES ( 42, 'Hardware 042', 'Vendor 042', 'Model 042', 'Title 042', 'Type 042', '042', 'CHOT', FALSE, 'TestDataLoad', '2015-04-07 18:47:59' );
INSERT INTO `StEqpInst` ( `eid`, `name`, `vendor`, `model`, `serial`, `type`, `loc`, `status`, `logl_del`, `last_mdfd_user`, `last_mdfd_tmst` ) VALUES ( 43, 'Hardware 043', 'Vendor 043', 'Model 043', 'Title 043', 'Type 043', '043', 'CHIN', FALSE, 'TestDataLoad', '2015-04-07 18:48:01' );
INSERT INTO `StEqpInst` ( `eid`, `name`, `vendor`, `model`, `serial`, `type`, `loc`, `status`, `logl_del`, `last_mdfd_user`, `last_mdfd_tmst` ) VALUES ( 44, 'Hardware 044', 'Vendor 044', 'Model 044', 'Title 044', 'Type 044', '044', 'CHOT', FALSE, 'TestDataLoad', '2015-04-07 18:48:03' );
INSERT INTO `StEqpInst` ( `eid`, `name`, `vendor`, `model`, `serial`, `type`, `loc`, `status`, `logl_del`, `last_mdfd_user`, `last_mdfd_tmst` ) VALUES ( 45, 'Hardware 045', 'Vendor 045', 'Model 045', 'Title 045', 'Type 045', '045', 'CHIN', FALSE, 'TestDataLoad', '2015-04-07 18:48:05' );
INSERT INTO `StEqpInst` ( `eid`, `name`, `vendor`, `model`, `serial`, `type`, `loc`, `status`, `logl_del`, `last_mdfd_user`, `last_mdfd_tmst` ) VALUES ( 46, 'Hardware 046', 'Vendor 046', 'Model 046', 'Title 046', 'Type 046', '046', 'CHIN', FALSE, 'TestDataLoad', '2015-04-07 18:48:07' );
INSERT INTO `StEqpInst` ( `eid`, `name`, `vendor`, `model`, `serial`, `type`, `loc`, `status`, `logl_del`, `last_mdfd_user`, `last_mdfd_tmst` ) VALUES ( 47, 'Hardware 047', 'Vendor 047', 'Model 047', 'Title 047', 'Type 047', '047', 'CHOT', FALSE, 'TestDataLoad', '2015-04-07 18:48:09' );
INSERT INTO `StEqpInst` ( `eid`, `name`, `vendor`, `model`, `serial`, `type`, `loc`, `status`, `logl_del`, `last_mdfd_user`, `last_mdfd_tmst` ) VALUES ( 48, 'Hardware 048', 'Vendor 048', 'Model 048', 'Title 048', 'Type 048', '048', 'CHOT',  TRUE, 'TestDataLoad', '2015-04-07 18:48:11' );
INSERT INTO `StEqpInst` ( `eid`, `name`, `vendor`, `model`, `serial`, `type`, `loc`, `status`, `logl_del`, `last_mdfd_user`, `last_mdfd_tmst` ) VALUES ( 49, 'Hardware 049', 'Vendor 049', 'Model 049', 'Title 049', 'Type 049', '049', 'CHIN', FALSE, 'TestDataLoad', '2015-04-07 18:48:13' );
INSERT INTO `StEqpInst` ( `eid`, `name`, `vendor`, `model`, `serial`, `type`, `loc`, `status`, `logl_del`, `last_mdfd_user`, `last_mdfd_tmst` ) VALUES ( 50, 'Hardware 050', 'Vendor 050', 'Model 050', 'Title 050', 'Type 050', '050', 'CHOT', FALSE, 'TestDataLoad', '2015-04-07 18:48:15' );
INSERT INTO `StEqpInst` ( `eid`, `name`, `vendor`, `model`, `serial`, `type`, `loc`, `status`, `logl_del`, `last_mdfd_user`, `last_mdfd_tmst` ) VALUES ( 51, 'Hardware 051', 'Vendor 051', 'Model 051', 'Title 051', 'Type 051', '051', 'BRKN', FALSE, 'TestDataLoad', '2015-04-07 18:48:17' );
INSERT INTO `StEqpInst` ( `eid`, `name`, `vendor`, `model`, `serial`, `type`, `loc`, `status`, `logl_del`, `last_mdfd_user`, `last_mdfd_tmst` ) VALUES ( 52, 'Hardware 052', 'Vendor 052', 'Model 052', 'Title 052', 'Type 052', '052', 'BRKN', FALSE, 'TestDataLoad', '2015-04-07 18:48:19' );
INSERT INTO `StEqpInst` ( `eid`, `name`, `vendor`, `model`, `serial`, `type`, `loc`, `status`, `logl_del`, `last_mdfd_user`, `last_mdfd_tmst` ) VALUES ( 53, 'Hardware 053', 'Vendor 053', 'Model 053', 'Title 053', 'Type 053', '053', 'CHIN', FALSE, 'TestDataLoad', '2015-04-07 18:48:21' );
INSERT INTO `StEqpInst` ( `eid`, `name`, `vendor`, `model`, `serial`, `type`, `loc`, `status`, `logl_del`, `last_mdfd_user`, `last_mdfd_tmst` ) VALUES ( 54, 'Hardware 054', 'Vendor 054', 'Model 054', 'Title 054', 'Type 054', '054', 'CHIN', FALSE, 'TestDataLoad', '2015-04-07 18:48:23' );
INSERT INTO `StEqpInst` ( `eid`, `name`, `vendor`, `model`, `serial`, `type`, `loc`, `status`, `logl_del`, `last_mdfd_user`, `last_mdfd_tmst` ) VALUES ( 55, 'Hardware 055', 'Vendor 055', 'Model 055', 'Title 055', 'Type 055', '055', 'BRKN', FALSE, 'TestDataLoad', '2015-04-07 18:48:25' );
INSERT INTO `StEqpInst` ( `eid`, `name`, `vendor`, `model`, `serial`, `type`, `loc`, `status`, `logl_del`, `last_mdfd_user`, `last_mdfd_tmst` ) VALUES ( 56, 'Hardware 056', 'Vendor 056', 'Model 056', 'Title 056', 'Type 056', '056', 'CHIN', FALSE, 'TestDataLoad', '2015-04-07 18:48:27' );
INSERT INTO `StEqpInst` ( `eid`, `name`, `vendor`, `model`, `serial`, `type`, `loc`, `status`, `logl_del`, `last_mdfd_user`, `last_mdfd_tmst` ) VALUES ( 57, 'Hardware 057', 'Vendor 057', 'Model 057', 'Title 057', 'Type 057', '057', 'BRKN', FALSE, 'TestDataLoad', '2015-04-07 18:48:29' );
INSERT INTO `StEqpInst` ( `eid`, `name`, `vendor`, `model`, `serial`, `type`, `loc`, `status`, `logl_del`, `last_mdfd_user`, `last_mdfd_tmst` ) VALUES ( 58, 'Hardware 058', 'Vendor 058', 'Model 058', 'Title 058', 'Type 058', '058', 'CHIN', FALSE, 'TestDataLoad', '2015-04-07 18:48:31' );
INSERT INTO `StEqpInst` ( `eid`, `name`, `vendor`, `model`, `serial`, `type`, `loc`, `status`, `logl_del`, `last_mdfd_user`, `last_mdfd_tmst` ) VALUES ( 59, 'Hardware 059', 'Vendor 059', 'Model 059', 'Title 059', 'Type 059', '059', 'CHIN', FALSE, 'TestDataLoad', '2015-04-07 18:48:33' );
INSERT INTO `StEqpInst` ( `eid`, `name`, `vendor`, `model`, `serial`, `type`, `loc`, `status`, `logl_del`, `last_mdfd_user`, `last_mdfd_tmst` ) VALUES ( 60, 'Hardware 060', 'Vendor 060', 'Model 060', 'Title 060', 'Type 060', '060', 'CHOT', FALSE, 'TestDataLoad', '2015-04-07 18:48:35' );
INSERT INTO `StEqpInst` ( `eid`, `name`, `vendor`, `model`, `serial`, `type`, `loc`, `status`, `logl_del`, `last_mdfd_user`, `last_mdfd_tmst` ) VALUES ( 61, 'Hardware 061', 'Vendor 061', 'Model 061', 'Title 061', 'Type 061', '061', 'CHOT', FALSE, 'TestDataLoad', '2015-04-07 18:48:37' );
INSERT INTO `StEqpInst` ( `eid`, `name`, `vendor`, `model`, `serial`, `type`, `loc`, `status`, `logl_del`, `last_mdfd_user`, `last_mdfd_tmst` ) VALUES ( 62, 'Hardware 062', 'Vendor 062', 'Model 062', 'Title 062', 'Type 062', '062', 'CHOT', FALSE, 'TestDataLoad', '2015-04-07 18:48:39' );
INSERT INTO `StEqpInst` ( `eid`, `name`, `vendor`, `model`, `serial`, `type`, `loc`, `status`, `logl_del`, `last_mdfd_user`, `last_mdfd_tmst` ) VALUES ( 63, 'Hardware 063', 'Vendor 063', 'Model 063', 'Title 063', 'Type 063', '063', 'CHOT', FALSE, 'TestDataLoad', '2015-04-07 18:48:41' );
INSERT INTO `StEqpInst` ( `eid`, `name`, `vendor`, `model`, `serial`, `type`, `loc`, `status`, `logl_del`, `last_mdfd_user`, `last_mdfd_tmst` ) VALUES ( 64, 'Hardware 064', 'Vendor 064', 'Model 064', 'Title 064', 'Type 064', '064', 'CHOT', FALSE, 'TestDataLoad', '2015-04-07 18:48:43' );
INSERT INTO `StEqpInst` ( `eid`, `name`, `vendor`, `model`, `serial`, `type`, `loc`, `status`, `logl_del`, `last_mdfd_user`, `last_mdfd_tmst` ) VALUES ( 65, 'Hardware 065', 'Vendor 065', 'Model 065', 'Title 065', 'Type 065', '065', 'BRKN', FALSE, 'TestDataLoad', '2015-04-07 18:48:45' );
INSERT INTO `StEqpInst` ( `eid`, `name`, `vendor`, `model`, `serial`, `type`, `loc`, `status`, `logl_del`, `last_mdfd_user`, `last_mdfd_tmst` ) VALUES ( 66, 'Hardware 066', 'Vendor 066', 'Model 066', 'Title 066', 'Type 066', '066', 'BRKN', FALSE, 'TestDataLoad', '2015-04-07 18:48:47' );
INSERT INTO `StEqpInst` ( `eid`, `name`, `vendor`, `model`, `serial`, `type`, `loc`, `status`, `logl_del`, `last_mdfd_user`, `last_mdfd_tmst` ) VALUES ( 67, 'Hardware 067', 'Vendor 067', 'Model 067', 'Title 067', 'Type 067', '067', 'CHIN', FALSE, 'TestDataLoad', '2015-04-07 18:48:49' );
INSERT INTO `StEqpInst` ( `eid`, `name`, `vendor`, `model`, `serial`, `type`, `loc`, `status`, `logl_del`, `last_mdfd_user`, `last_mdfd_tmst` ) VALUES ( 68, 'Hardware 068', 'Vendor 068', 'Model 068', 'Title 068', 'Type 068', '068', 'CHIN', FALSE, 'TestDataLoad', '2015-04-07 18:48:51' );
INSERT INTO `StEqpInst` ( `eid`, `name`, `vendor`, `model`, `serial`, `type`, `loc`, `status`, `logl_del`, `last_mdfd_user`, `last_mdfd_tmst` ) VALUES ( 69, 'Hardware 069', 'Vendor 069', 'Model 069', 'Title 069', 'Type 069', '069', 'CHIN', FALSE, 'TestDataLoad', '2015-04-07 18:48:53' );
INSERT INTO `StEqpInst` ( `eid`, `name`, `vendor`, `model`, `serial`, `type`, `loc`, `status`, `logl_del`, `last_mdfd_user`, `last_mdfd_tmst` ) VALUES ( 70, 'Hardware 070', 'Vendor 070', 'Model 070', 'Title 070', 'Type 070', '070', 'BRKN', FALSE, 'TestDataLoad', '2015-04-07 18:48:55' );
INSERT INTO `StEqpInst` ( `eid`, `name`, `vendor`, `model`, `serial`, `type`, `loc`, `status`, `logl_del`, `last_mdfd_user`, `last_mdfd_tmst` ) VALUES ( 71, 'Hardware 071', 'Vendor 071', 'Model 071', 'Title 071', 'Type 071', '071', 'BRKN', FALSE, 'TestDataLoad', '2015-04-07 18:48:57' );
INSERT INTO `StEqpInst` ( `eid`, `name`, `vendor`, `model`, `serial`, `type`, `loc`, `status`, `logl_del`, `last_mdfd_user`, `last_mdfd_tmst` ) VALUES ( 72, 'Hardware 072', 'Vendor 072', 'Model 072', 'Title 072', 'Type 072', '072', 'BRKN', FALSE, 'TestDataLoad', '2015-04-07 18:48:59' );
INSERT INTO `StEqpInst` ( `eid`, `name`, `vendor`, `model`, `serial`, `type`, `loc`, `status`, `logl_del`, `last_mdfd_user`, `last_mdfd_tmst` ) VALUES ( 73, 'Hardware 073', 'Vendor 073', 'Model 073', 'Title 073', 'Type 073', '073', 'BRKN', FALSE, 'TestDataLoad', '2015-04-07 18:49:01' );
INSERT INTO `StEqpInst` ( `eid`, `name`, `vendor`, `model`, `serial`, `type`, `loc`, `status`, `logl_del`, `last_mdfd_user`, `last_mdfd_tmst` ) VALUES ( 74, 'Hardware 074', 'Vendor 074', 'Model 074', 'Title 074', 'Type 074', '074', 'BRKN', FALSE, 'TestDataLoad', '2015-04-07 18:49:03' );
INSERT INTO `StEqpInst` ( `eid`, `name`, `vendor`, `model`, `serial`, `type`, `loc`, `status`, `logl_del`, `last_mdfd_user`, `last_mdfd_tmst` ) VALUES ( 75, 'Hardware 075', 'Vendor 075', 'Model 075', 'Title 075', 'Type 075', '075', 'BRKN', FALSE, 'TestDataLoad', '2015-04-07 18:49:05' );
INSERT INTO `StEqpInst` ( `eid`, `name`, `vendor`, `model`, `serial`, `type`, `loc`, `status`, `logl_del`, `last_mdfd_user`, `last_mdfd_tmst` ) VALUES ( 76, 'Hardware 076', 'Vendor 076', 'Model 076', 'Title 076', 'Type 076', '076', 'CHIN', FALSE, 'TestDataLoad', '2015-04-07 18:49:07' );
INSERT INTO `StEqpInst` ( `eid`, `name`, `vendor`, `model`, `serial`, `type`, `loc`, `status`, `logl_del`, `last_mdfd_user`, `last_mdfd_tmst` ) VALUES ( 77, 'Hardware 077', 'Vendor 077', 'Model 077', 'Title 077', 'Type 077', '077', 'BRKN', FALSE, 'TestDataLoad', '2015-04-07 18:49:09' );
INSERT INTO `StEqpInst` ( `eid`, `name`, `vendor`, `model`, `serial`, `type`, `loc`, `status`, `logl_del`, `last_mdfd_user`, `last_mdfd_tmst` ) VALUES ( 78, 'Hardware 078', 'Vendor 078', 'Model 078', 'Title 078', 'Type 078', '078', 'CHOT', FALSE, 'TestDataLoad', '2015-04-07 18:49:11' );
INSERT INTO `StEqpInst` ( `eid`, `name`, `vendor`, `model`, `serial`, `type`, `loc`, `status`, `logl_del`, `last_mdfd_user`, `last_mdfd_tmst` ) VALUES ( 79, 'Hardware 079', 'Vendor 079', 'Model 079', 'Title 079', 'Type 079', '079', 'CHOT', FALSE, 'TestDataLoad', '2015-04-07 18:49:13' );
INSERT INTO `StEqpInst` ( `eid`, `name`, `vendor`, `model`, `serial`, `type`, `loc`, `status`, `logl_del`, `last_mdfd_user`, `last_mdfd_tmst` ) VALUES ( 80, 'Hardware 080', 'Vendor 080', 'Model 080', 'Title 080', 'Type 080', '080', 'CHOT', FALSE, 'TestDataLoad', '2015-04-07 18:49:15' );
INSERT INTO `StEqpInst` ( `eid`, `name`, `vendor`, `model`, `serial`, `type`, `loc`, `status`, `logl_del`, `last_mdfd_user`, `last_mdfd_tmst` ) VALUES ( 81, 'Hardware 081', 'Vendor 081', 'Model 081', 'Title 081', 'Type 081', '081', 'CHIN', FALSE, 'TestDataLoad', '2015-04-07 18:49:17' );
INSERT INTO `StEqpInst` ( `eid`, `name`, `vendor`, `model`, `serial`, `type`, `loc`, `status`, `logl_del`, `last_mdfd_user`, `last_mdfd_tmst` ) VALUES ( 82, 'Hardware 082', 'Vendor 082', 'Model 082', 'Title 082', 'Type 082', '082', 'CHOT', FALSE, 'TestDataLoad', '2015-04-07 18:49:19' );
INSERT INTO `StEqpInst` ( `eid`, `name`, `vendor`, `model`, `serial`, `type`, `loc`, `status`, `logl_del`, `last_mdfd_user`, `last_mdfd_tmst` ) VALUES ( 83, 'Hardware 083', 'Vendor 083', 'Model 083', 'Title 083', 'Type 083', '083', 'CHIN', FALSE, 'TestDataLoad', '2015-04-07 18:49:21' );
INSERT INTO `StEqpInst` ( `eid`, `name`, `vendor`, `model`, `serial`, `type`, `loc`, `status`, `logl_del`, `last_mdfd_user`, `last_mdfd_tmst` ) VALUES ( 84, 'Hardware 084', 'Vendor 084', 'Model 084', 'Title 084', 'Type 084', '084', 'BRKN', FALSE, 'TestDataLoad', '2015-04-07 18:49:23' );
INSERT INTO `StEqpInst` ( `eid`, `name`, `vendor`, `model`, `serial`, `type`, `loc`, `status`, `logl_del`, `last_mdfd_user`, `last_mdfd_tmst` ) VALUES ( 85, 'Hardware 085', 'Vendor 085', 'Model 085', 'Title 085', 'Type 085', '085', 'BRKN', FALSE, 'TestDataLoad', '2015-04-07 18:49:25' );
INSERT INTO `StEqpInst` ( `eid`, `name`, `vendor`, `model`, `serial`, `type`, `loc`, `status`, `logl_del`, `last_mdfd_user`, `last_mdfd_tmst` ) VALUES ( 86, 'Hardware 086', 'Vendor 086', 'Model 086', 'Title 086', 'Type 086', '086', 'CHIN', FALSE, 'TestDataLoad', '2015-04-07 18:49:27' );
INSERT INTO `StEqpInst` ( `eid`, `name`, `vendor`, `model`, `serial`, `type`, `loc`, `status`, `logl_del`, `last_mdfd_user`, `last_mdfd_tmst` ) VALUES ( 87, 'Hardware 087', 'Vendor 087', 'Model 087', 'Title 087', 'Type 087', '087', 'CHOT', FALSE, 'TestDataLoad', '2015-04-07 18:49:29' );
INSERT INTO `StEqpInst` ( `eid`, `name`, `vendor`, `model`, `serial`, `type`, `loc`, `status`, `logl_del`, `last_mdfd_user`, `last_mdfd_tmst` ) VALUES ( 88, 'Hardware 088', 'Vendor 088', 'Model 088', 'Title 088', 'Type 088', '088', 'CHOT', FALSE, 'TestDataLoad', '2015-04-07 18:49:31' );
INSERT INTO `StEqpInst` ( `eid`, `name`, `vendor`, `model`, `serial`, `type`, `loc`, `status`, `logl_del`, `last_mdfd_user`, `last_mdfd_tmst` ) VALUES ( 89, 'Hardware 089', 'Vendor 089', 'Model 089', 'Title 089', 'Type 089', '089', 'CHOT', FALSE, 'TestDataLoad', '2015-04-07 18:49:33' );
INSERT INTO `StEqpInst` ( `eid`, `name`, `vendor`, `model`, `serial`, `type`, `loc`, `status`, `logl_del`, `last_mdfd_user`, `last_mdfd_tmst` ) VALUES ( 90, 'Hardware 090', 'Vendor 090', 'Model 090', 'Title 090', 'Type 090', '090', 'CHOT', FALSE, 'TestDataLoad', '2015-04-07 18:49:35' );
INSERT INTO `StEqpInst` ( `eid`, `name`, `vendor`, `model`, `serial`, `type`, `loc`, `status`, `logl_del`, `last_mdfd_user`, `last_mdfd_tmst` ) VALUES ( 91, 'Hardware 091', 'Vendor 091', 'Model 091', 'Title 091', 'Type 091', '091', 'BRKN', FALSE, 'TestDataLoad', '2015-04-07 18:49:37' );
INSERT INTO `StEqpInst` ( `eid`, `name`, `vendor`, `model`, `serial`, `type`, `loc`, `status`, `logl_del`, `last_mdfd_user`, `last_mdfd_tmst` ) VALUES ( 92, 'Hardware 092', 'Vendor 092', 'Model 092', 'Title 092', 'Type 092', '092', 'CHIN', FALSE, 'TestDataLoad', '2015-04-07 18:49:39' );
INSERT INTO `StEqpInst` ( `eid`, `name`, `vendor`, `model`, `serial`, `type`, `loc`, `status`, `logl_del`, `last_mdfd_user`, `last_mdfd_tmst` ) VALUES ( 93, 'Hardware 093', 'Vendor 093', 'Model 093', 'Title 093', 'Type 093', '093', 'CHOT', FALSE, 'TestDataLoad', '2015-04-07 18:49:41' );
INSERT INTO `StEqpInst` ( `eid`, `name`, `vendor`, `model`, `serial`, `type`, `loc`, `status`, `logl_del`, `last_mdfd_user`, `last_mdfd_tmst` ) VALUES ( 94, 'Hardware 094', 'Vendor 094', 'Model 094', 'Title 094', 'Type 094', '094', 'CHIN', FALSE, 'TestDataLoad', '2015-04-07 18:49:43' );
INSERT INTO `StEqpInst` ( `eid`, `name`, `vendor`, `model`, `serial`, `type`, `loc`, `status`, `logl_del`, `last_mdfd_user`, `last_mdfd_tmst` ) VALUES ( 95, 'Hardware 095', 'Vendor 095', 'Model 095', 'Title 095', 'Type 095', '095', 'CHIN', FALSE, 'TestDataLoad', '2015-04-07 18:49:45' );
INSERT INTO `StEqpInst` ( `eid`, `name`, `vendor`, `model`, `serial`, `type`, `loc`, `status`, `logl_del`, `last_mdfd_user`, `last_mdfd_tmst` ) VALUES ( 96, 'Hardware 096', 'Vendor 096', 'Model 096', 'Title 096', 'Type 096', '096', 'CHOT', FALSE, 'TestDataLoad', '2015-04-07 18:49:47' );
INSERT INTO `StEqpInst` ( `eid`, `name`, `vendor`, `model`, `serial`, `type`, `loc`, `status`, `logl_del`, `last_mdfd_user`, `last_mdfd_tmst` ) VALUES ( 97, 'Hardware 097', 'Vendor 097', 'Model 097', 'Title 097', 'Type 097', '097', 'BRKN', FALSE, 'TestDataLoad', '2015-04-07 18:49:49' );
INSERT INTO `StEqpInst` ( `eid`, `name`, `vendor`, `model`, `serial`, `type`, `loc`, `status`, `logl_del`, `last_mdfd_user`, `last_mdfd_tmst` ) VALUES ( 98, 'Hardware 098', 'Vendor 098', 'Model 098', 'Title 098', 'Type 098', '098', 'CHIN', FALSE, 'TestDataLoad', '2015-04-07 18:49:51' );
INSERT INTO `StEqpInst` ( `eid`, `name`, `vendor`, `model`, `serial`, `type`, `loc`, `status`, `logl_del`, `last_mdfd_user`, `last_mdfd_tmst` ) VALUES ( 99, 'Hardware 099', 'Vendor 099', 'Model 099', 'Title 099', 'Type 099', '099', 'CHOT', FALSE, 'TestDataLoad', '2015-04-07 18:49:53' );
